"Path","Lines","Bytes","CommentTokenLines","ControlFlowNodes","ParseErrors"
"build.ps1","1486","68767","640","79","0"
"samples/New-HDTShareWalkthrough.ps1","216","9848","69","0","0"
"samples/workspace/Scripts/Get-ComputerName.ps1","21","977","16","0","0"
"samples/workspace/Scripts/Set-CorpBaseline.ps1","22","1059","17","0","0"
"src/Hephaestus/Hephaestus.psd1","386","14848","33","0","0"
"src/Hephaestus/Hephaestus.psm1","154","7858","72","10","0"
"src/Hephaestus/Payload/Import-HDTBootCertificate.ps1","167","7090","73","6","0"
"src/Hephaestus/Payload/Import-HDTOsCertificate.ps1","184","7053","50","10","0"
"src/Hephaestus/Payload/Remove-HDTAgentTree.ps1","329","13315","160","20","0"
"src/Hephaestus/Payload/Start-HDTDeployment.ps1","2894","156182","1628","150","0"
"src/Hephaestus/Payload/Start-HDTResume.ps1","1261","66402","686","60","0"
"src/Hephaestus/Private/Add-HDTResolvedVariable.ps1","197","8377","101","8","0"
"src/Hephaestus/Private/Add-HDTWorkspaceItem.ps1","107","3635","42","8","0"
"src/Hephaestus/Private/Assert-HDTApplicationDocument.ps1","300","14659","83","41","0"
"src/Hephaestus/Private/Assert-HDTBootLoaderServicingLevel.ps1","196","12480","129","7","0"
"src/Hephaestus/Private/Assert-HDTBootstrapRuleDocument.ps1","151","7828","94","9","0"
"src/Hephaestus/Private/Assert-HDTCleanVolumeTarget.ps1","160","7946","92","8","0"
"src/Hephaestus/Private/Assert-HDTMachineDocument.ps1","170","8065","77","14","0"
"src/Hephaestus/Private/Assert-HDTMediaDocument.ps1","242","12594","98","24","0"
"src/Hephaestus/Private/Assert-HDTOperatingSystemDocument.ps1","261","13068","66","35","0"
"src/Hephaestus/Private/Assert-HDTOsReleaseDocument.ps1","206","10210","62","24","0"
"src/Hephaestus/Private/Assert-HDTRuleDocument.ps1","296","15015","82","37","0"
"src/Hephaestus/Private/Assert-HDTRuleLine.ps1","53","1915","33","0","0"
"src/Hephaestus/Private/Assert-HDTRunStateDocument.ps1","359","17954","100","45","0"
"src/Hephaestus/Private/Assert-HDTSelectionProfileDocument.ps1","236","11721","84","25","0"
"src/Hephaestus/Private/Assert-HDTSelectionProfileId.ps1","118","5011","54","7","0"
"src/Hephaestus/Private/Assert-HDTSequenceDocument.ps1","430","21896","110","57","0"
"src/Hephaestus/Private/Assert-HDTStepPartitionTable.ps1","75","2807","40","4","0"
"src/Hephaestus/Private/Assert-HDTWindowsUpdateDocument.ps1","179","8751","49","21","0"
"src/Hephaestus/Private/Assert-HDTWizardDocument.ps1","335","16329","96","48","0"
"src/Hephaestus/Private/Assert-HDTWorkspaceDocument.ps1","676","34770","183","95","0"
"src/Hephaestus/Private/Clear-HDTSecretBag.ps1","115","4687","59","6","0"
"src/Hephaestus/Private/Compare-HDTDriverInventory.ps1","344","17163","202","24","0"
"src/Hephaestus/Private/ConvertFrom-HDTDismProgressLine.ps1","78","3274","55","2","0"
"src/Hephaestus/Private/ConvertFrom-HDTDriverInf.ps1","305","11696","113","36","0"
"src/Hephaestus/Private/ConvertFrom-HDTRuleYaml.ps1","85","2888","24","6","0"
"src/Hephaestus/Private/ConvertFrom-HDTSequenceLine.ps1","52","1758","32","0","0"
"src/Hephaestus/Private/ConvertFrom-HDTStepCondition.ps1","125","5695","73","6","0"
"src/Hephaestus/Private/ConvertFrom-HDTUpdateFileList.ps1","70","2641","43","3","0"
"src/Hephaestus/Private/ConvertFrom-HDTUpdateMetadata.ps1","240","11694","121","12","0"
"src/Hephaestus/Private/ConvertFrom-HDTWorkspaceLine.ps1","64","2655","44","0","0"
"src/Hephaestus/Private/ConvertFrom-HDTYaml.ps1","120","4847","56","9","0"
"src/Hephaestus/Private/ConvertTo-HDTApplicationCatalog.ps1","187","7572","77","10","0"
"src/Hephaestus/Private/ConvertTo-HDTCmTraceLine.ps1","244","11383","168","4","0"
"src/Hephaestus/Private/ConvertTo-HDTComparableString.ps1","67","2155","35","5","0"
"src/Hephaestus/Private/ConvertTo-HDTDriverDate.ps1","74","2907","42","3","0"
"src/Hephaestus/Private/ConvertTo-HDTDriverVersion.ps1","67","2307","39","4","0"
"src/Hephaestus/Private/ConvertTo-HDTHtmlText.ps1","79","3123","47","2","0"
"src/Hephaestus/Private/ConvertTo-HDTIcaclsRight.ps1","79","3206","54","1","0"
"src/Hephaestus/Private/ConvertTo-HDTLogRecord.ps1","154","5759","79","3","0"
"src/Hephaestus/Private/ConvertTo-HDTMediaCatalog.ps1","167","7229","77","5","0"
"src/Hephaestus/Private/ConvertTo-HDTNativeArgument.ps1","123","5087","77","4","0"
"src/Hephaestus/Private/ConvertTo-HDTOperatingSystemCatalog.ps1","162","6813","70","8","0"
"src/Hephaestus/Private/ConvertTo-HDTRuleMapLine.ps1","88","3073","42","3","0"
"src/Hephaestus/Private/ConvertTo-HDTRuleScalarText.ps1","81","2902","43","5","0"
"src/Hephaestus/Private/ConvertTo-HDTSelectionProfileId.ps1","72","2760","48","2","0"
"src/Hephaestus/Private/ConvertTo-HDTSelectionProfileLine.ps1","88","3018","41","2","0"
"src/Hephaestus/Private/ConvertTo-HDTStartnetCommandLine.ps1","80","3057","52","3","0"
"src/Hephaestus/Private/ConvertTo-HDTVariableText.ps1","97","4351","72","2","0"
"src/Hephaestus/Private/ConvertTo-HDTYaml.ps1","63","2472","34","2","0"
"src/Hephaestus/Private/Copy-HDTContentTree.ps1","144","6619","76","5","0"
"src/Hephaestus/Private/Expand-HDTRuleExpression.ps1","196","8025","69","13","0"
"src/Hephaestus/Private/Expand-HDTVariableToken.ps1","187","7698","94","9","0"
"src/Hephaestus/Private/Format-HDTConsoleByteCount.ps1","72","2563","38","4","0"
"src/Hephaestus/Private/Format-HDTConsoleDuration.ps1","71","2290","37","4","0"
"src/Hephaestus/Private/Format-HDTConsoleLogValue.ps1","107","4072","63","7","0"
"src/Hephaestus/Private/Format-HDTDriverDate.ps1","77","2795","55","2","0"
"src/Hephaestus/Private/Format-HDTProgressLine.ps1","162","7474","92","11","0"
"src/Hephaestus/Private/Format-HDTRegistryLogValue.ps1","160","6230","93","4","0"
"src/Hephaestus/Private/Get-HDTAdkComponentDescription.ps1","141","7719","68","2","0"
"src/Hephaestus/Private/Get-HDTAdkInstallPlan.ps1","158","6932","72","2","0"
"src/Hephaestus/Private/Get-HDTApplicationDetectKey.ps1","42","1725","26","0","0"
"src/Hephaestus/Private/Get-HDTApplicationDetectText.ps1","82","3013","36","8","0"
"src/Hephaestus/Private/Get-HDTBcdCommand.ps1","297","15255","210","3","0"
"src/Hephaestus/Private/Get-HDTBcdStoreArgument.ps1","76","3242","57","1","0"
"src/Hephaestus/Private/Get-HDTBootCriticalClass.ps1","63","2609","52","0","0"
"src/Hephaestus/Private/Get-HDTBootImageComponentDependency.ps1","114","4920","69","0","0"
"src/Hephaestus/Private/Get-HDTBootImageDriverInjection.ps1","193","8328","106","7","0"
"src/Hephaestus/Private/Get-HDTBootImagePublishRefusal.ps1","80","3647","56","0","0"
"src/Hephaestus/Private/Get-HDTBootIsoArgument.ps1","169","7658","91","10","0"
"src/Hephaestus/Private/Get-HDTBootLoaderSource.ps1","259","14303","189","6","0"
"src/Hephaestus/Private/Get-HDTBootstrapDeployRootWarning.ps1","118","4643","54","11","0"
"src/Hephaestus/Private/Get-HDTBrandingName.ps1","54","1850","32","1","0"
"src/Hephaestus/Private/Get-HDTCleanVolumePreservedName.ps1","91","4630","65","0","0"
"src/Hephaestus/Private/Get-HDTCommandPromptPath.ps1","53","1962","33","2","0"
"src/Hephaestus/Private/Get-HDTConsoleApplicationChoice.ps1","268","11187","116","11","0"
"src/Hephaestus/Private/Get-HDTConsoleApplicationEdit.ps1","169","6686","64","9","0"
"src/Hephaestus/Private/Get-HDTConsoleApplicationLabel.ps1","80","2784","44","2","0"
"src/Hephaestus/Private/Get-HDTConsoleBootImage.ps1","157","7315","63","3","0"
"src/Hephaestus/Private/Get-HDTConsoleBootImageEdit.ps1","155","6999","99","6","0"
"src/Hephaestus/Private/Get-HDTConsoleBootImageField.ps1","173","8586","89","1","0"
"src/Hephaestus/Private/Get-HDTConsoleBootImageNode.ps1","139","6569","56","4","0"
"src/Hephaestus/Private/Get-HDTConsoleBootImageSaveCommand.ps1","119","4864","61","2","0"
"src/Hephaestus/Private/Get-HDTConsoleBootImageSetting.ps1","574","29145","239","21","0"
"src/Hephaestus/Private/Get-HDTConsoleBuildBusy.ps1","58","2372","44","0","0"
"src/Hephaestus/Private/Get-HDTConsoleBuildFailure.ps1","83","3255","54","4","0"
"src/Hephaestus/Private/Get-HDTConsoleBuildLogPath.ps1","65","2392","41","1","0"
"src/Hephaestus/Private/Get-HDTConsoleBuildProgress.ps1","160","6332","84","4","0"
"src/Hephaestus/Private/Get-HDTConsoleCatalogEntry.ps1","96","3485","47","3","0"
"src/Hephaestus/Private/Get-HDTConsoleClosePrompt.ps1","228","9907","115","10","0"
"src/Hephaestus/Private/Get-HDTConsoleCommandLine.ps1","184","8141","89","6","0"
"src/Hephaestus/Private/Get-HDTConsoleConditionOption.ps1","116","4964","64","3","0"
"src/Hephaestus/Private/Get-HDTConsoleDependencyChoice.ps1","151","6097","74","10","0"
"src/Hephaestus/Private/Get-HDTConsoleDetailPane.ps1","54","1801","37","0","0"
"src/Hephaestus/Private/Get-HDTConsoleDetectionForm.ps1","246","9757","86","16","0"
"src/Hephaestus/Private/Get-HDTConsoleDetectionText.ps1","89","3022","36","5","0"
"src/Hephaestus/Private/Get-HDTConsoleDetectRuleText.ps1","101","3645","54","7","0"
"src/Hephaestus/Private/Get-HDTConsoleDisplayText.ps1","50","1397","26","1","0"
"src/Hephaestus/Private/Get-HDTConsoleDriverRow.ps1","135","5142","64","7","0"
"src/Hephaestus/Private/Get-HDTConsoleDriverSaveState.ps1","119","4206","76","1","0"
"src/Hephaestus/Private/Get-HDTConsoleEditorState.ps1","448","20420","213","22","0"
"src/Hephaestus/Private/Get-HDTConsoleExpandedPath.ps1","89","3359","43","8","0"
"src/Hephaestus/Private/Get-HDTConsoleFeatureChoice.ps1","251","10879","103","12","0"
"src/Hephaestus/Private/Get-HDTConsoleFieldBrowse.ps1","108","4781","64","2","0"
"src/Hephaestus/Private/Get-HDTConsoleFlagText.ps1","42","1000","24","1","0"
"src/Hephaestus/Private/Get-HDTConsoleFolderAction.ps1","185","7353","70","14","0"
"src/Hephaestus/Private/Get-HDTConsoleFolderCreate.ps1","110","4234","66","2","0"
"src/Hephaestus/Private/Get-HDTConsoleFolderMove.ps1","128","5332","70","3","0"
"src/Hephaestus/Private/Get-HDTConsoleHeader.ps1","52","1946","31","0","0"
"src/Hephaestus/Private/Get-HDTConsoleIcon.ps1","167","9755","133","2","0"
"src/Hephaestus/Private/Get-HDTConsoleIconColor.ps1","132","6754","94","3","0"
"src/Hephaestus/Private/Get-HDTConsoleImageChoice.ps1","369","15854","143","33","0"
"src/Hephaestus/Private/Get-HDTConsoleImageWrite.ps1","157","6759","97","5","0"
"src/Hephaestus/Private/Get-HDTConsoleJsonProperty.ps1","83","2626","47","3","0"
"src/Hephaestus/Private/Get-HDTConsoleLintText.ps1","105","4100","52","7","0"
"src/Hephaestus/Private/Get-HDTConsoleMediaEdit.ps1","96","3760","50","3","0"
"src/Hephaestus/Private/Get-HDTConsoleMediaNode.ps1","319","17417","181","7","0"
"src/Hephaestus/Private/Get-HDTConsoleMonitor.ps1","185","8234","99","6","0"
"src/Hephaestus/Private/Get-HDTConsoleMonitorNode.ps1","211","9957","102","8","0"
"src/Hephaestus/Private/Get-HDTConsoleMonitorRefresh.ps1","139","6145","79","10","0"
"src/Hephaestus/Private/Get-HDTConsoleMonitorReport.ps1","204","8842","107","7","0"
"src/Hephaestus/Private/Get-HDTConsoleMonitorSummary.ps1","92","3567","51","9","0"
"src/Hephaestus/Private/Get-HDTConsoleNewMedia.ps1","69","2808","42","1","0"
"src/Hephaestus/Private/Get-HDTConsoleNewMediaCommand.ps1","92","3091","48","1","0"
"src/Hephaestus/Private/Get-HDTConsoleNewSequence.ps1","150","6402","74","6","0"
"src/Hephaestus/Private/Get-HDTConsoleNewSequenceCommand.ps1","158","6179","80","9","0"
"src/Hephaestus/Private/Get-HDTConsoleNewWorkspaceMessage.ps1","121","4790","74","2","0"
"src/Hephaestus/Private/Get-HDTConsoleOpenAction.ps1","79","3115","49","5","0"
"src/Hephaestus/Private/Get-HDTConsolePartitionCommand.ps1","92","3336","51","3","0"
"src/Hephaestus/Private/Get-HDTConsolePartitionRow.ps1","408","19192","160","32","0"
"src/Hephaestus/Private/Get-HDTConsoleProfileFolder.ps1","78","3076","46","4","0"
"src/Hephaestus/Private/Get-HDTConsoleProfileSummary.ps1","66","2524","35","4","0"
"src/Hephaestus/Private/Get-HDTConsolePropertyLabel.ps1","62","2105","37","2","0"
"src/Hephaestus/Private/Get-HDTConsoleRemoval.ps1","297","13206","125","9","0"
"src/Hephaestus/Private/Get-HDTConsoleRowDocument.ps1","214","9645","122","7","0"
"src/Hephaestus/Private/Get-HDTConsoleRuleHelp.ps1","192","8807","68","7","0"
"src/Hephaestus/Private/Get-HDTConsoleRuleSetting.ps1","141","5526","71","4","0"
"src/Hephaestus/Private/Get-HDTConsoleScalarText.ps1","63","2363","44","1","0"
"src/Hephaestus/Private/Get-HDTConsoleSelectionProfileInclude.ps1","93","3556","58","3","0"
"src/Hephaestus/Private/Get-HDTConsoleSelectionProfileSetting.ps1","167","6963","71","5","0"
"src/Hephaestus/Private/Get-HDTConsoleSelectionProfileTree.ps1","189","7674","85","13","0"
"src/Hephaestus/Private/Get-HDTConsoleSequenceEditor.ps1","182","8850","105","5","0"
"src/Hephaestus/Private/Get-HDTConsoleSequenceSave.ps1","116","4311","62","5","0"
"src/Hephaestus/Private/Get-HDTConsoleSetting.ps1","152","7285","89","6","0"
"src/Hephaestus/Private/Get-HDTConsoleSettingPath.ps1","52","1679","31","1","0"
"src/Hephaestus/Private/Get-HDTConsoleShareNode.ps1","942","52422","333","38","0"
"src/Hephaestus/Private/Get-HDTConsoleStepCatalog.ps1","356","19066","199","9","0"
"src/Hephaestus/Private/Get-HDTConsoleStepChange.ps1","153","6540","76","11","0"
"src/Hephaestus/Private/Get-HDTConsoleStepNode.ps1","578","29370","294","32","0"
"src/Hephaestus/Private/Get-HDTConsoleStepOption.ps1","131","5568","63","8","0"
"src/Hephaestus/Private/Get-HDTConsoleStepTemplateCommand.ps1","52","1857","30","1","0"
"src/Hephaestus/Private/Get-HDTConsoleTheme.ps1","118","5784","80","0","0"
"src/Hephaestus/Private/Get-HDTConsoleTitle.ps1","103","4128","66","5","0"
"src/Hephaestus/Private/Get-HDTConsoleTreeMenuRow.ps1","211","10303","134","5","0"
"src/Hephaestus/Private/Get-HDTConsoleTreeNode.ps1","188","8817","123","7","0"
"src/Hephaestus/Private/Get-HDTConsoleValidateCheck.ps1","173","7467","82","8","0"
"src/Hephaestus/Private/Get-HDTConsoleWindowIcon.ps1","97","4782","59","0","0"
"src/Hephaestus/Private/Get-HDTConsoleWorkspace.ps1","567","26966","232","20","0"
"src/Hephaestus/Private/Get-HDTConsoleWorkspaceRule.ps1","97","3754","53","3","0"
"src/Hephaestus/Private/Get-HDTDeploymentProgress.ps1","380","19064","201","36","0"
"src/Hephaestus/Private/Get-HDTDeploymentType.ps1","72","3081","55","1","0"
"src/Hephaestus/Private/Get-HDTDriverExpandCommand.ps1","130","5254","81","3","0"
"src/Hephaestus/Private/Get-HDTDriverPackageFile.ps1","128","5037","67","6","0"
"src/Hephaestus/Private/Get-HDTDriverSourceKind.ps1","143","5151","67","11","0"
"src/Hephaestus/Private/Get-HDTDriverState.ps1","83","3152","52","4","0"
"src/Hephaestus/Private/Get-HDTErrorDetail.ps1","171","7221","75","10","0"
"src/Hephaestus/Private/Get-HDTErrorSummary.ps1","81","3434","48","2","0"
"src/Hephaestus/Private/Get-HDTFailureClass.ps1","172","7396","94","12","0"
"src/Hephaestus/Private/Get-HDTFullOsOnlyStepType.ps1","77","3672","66","0","0"
"src/Hephaestus/Private/Get-HDTGroupParent.ps1","54","1851","33","1","0"
"src/Hephaestus/Private/Get-HDTHandlerCall.ps1","269","12865","135","15","0"
"src/Hephaestus/Private/Get-HDTLocalWinPePlan.ps1","210","9865","133","2","0"
"src/Hephaestus/Private/Get-HDTMediaDependencyWarning.ps1","142","5977","67","11","0"
"src/Hephaestus/Private/Get-HDTMediaProjection.ps1","237","11975","131","3","0"
"src/Hephaestus/Private/Get-HDTPartitionSizeText.ps1","64","2037","32","4","0"
"src/Hephaestus/Private/Get-HDTPartitionTypeText.ps1","54","1923","33","3","0"
"src/Hephaestus/Private/Get-HDTPayloadUiPath.ps1","164","8202","101","7","0"
"src/Hephaestus/Private/Get-HDTPowerCommand.ps1","149","6838","83","4","0"
"src/Hephaestus/Private/Get-HDTPowerShellPath.ps1","81","3150","49","3","0"
"src/Hephaestus/Private/Get-HDTPxePayloadRow.ps1","97","4613","50","1","0"
"src/Hephaestus/Private/Get-HDTResumeForbiddenStepType.ps1","74","3555","63","0","0"
"src/Hephaestus/Private/Get-HDTResumePermittedStepType.ps1","102","5152","79","2","0"
"src/Hephaestus/Private/Get-HDTRuleBlock.ps1","183","6597","70","20","0"
"src/Hephaestus/Private/Get-HDTRuleKey.ps1","115","3993","51","7","0"
"src/Hephaestus/Private/Get-HDTSecretBagName.ps1","49","1616","38","0","0"
"src/Hephaestus/Private/Get-HDTSelectionProfileBuiltIn.ps1","71","3050","49","0","0"
"src/Hephaestus/Private/Get-HDTSelectionProfileContentFolder.ps1","53","2197","42","0","0"
"src/Hephaestus/Private/Get-HDTSelectionProfileFromLine.ps1","104","4162","49","5","0"
"src/Hephaestus/Private/Get-HDTSelectionProfileLineMap.ps1","171","6401","69","17","0"
"src/Hephaestus/Private/Get-HDTSelectionProfilePathFailure.ps1","98","4144","56","5","0"
"src/Hephaestus/Private/Get-HDTShareSecretKey.ps1","45","1746","28","0","0"
"src/Hephaestus/Private/Get-HDTStartnetScript.ps1","258","13031","192","5","0"
"src/Hephaestus/Private/Get-HDTStepBlock.ps1","166","5858","61","17","0"
"src/Hephaestus/Private/Get-HDTStepKey.ps1","124","4731","62","9","0"
"src/Hephaestus/Private/Get-HDTStepLogName.ps1","78","2648","46","2","0"
"src/Hephaestus/Private/Get-HDTStepParent.ps1","65","2262","35","3","0"
"src/Hephaestus/Private/Get-HDTStepPartitionItem.ps1","121","4219","52","11","0"
"src/Hephaestus/Private/Get-HDTStepProperty.ps1","178","6208","74","15","0"
"src/Hephaestus/Private/Get-HDTStepPropertyChoice.ps1","135","6116","81","2","0"
"src/Hephaestus/Private/Get-HDTStepPropertyDefinition.ps1","318","23132","168","1","0"
"src/Hephaestus/Private/Get-HDTStringTable.ps1","181","7463","92","13","0"
"src/Hephaestus/Private/Get-HDTTargetDiskAssessment.ps1","210","8232","74","20","0"
"src/Hephaestus/Private/Get-HDTUpdateApplyOrder.ps1","105","4566","62","4","0"
"src/Hephaestus/Private/Get-HDTUpdateApplyOutcome.ps1","148","6160","81","5","0"
"src/Hephaestus/Private/Get-HDTUpdateExclusionText.ps1","89","3445","52","3","0"
"src/Hephaestus/Private/Get-HDTUpdateKbNumber.ps1","92","3547","45","8","0"
"src/Hephaestus/Private/Get-HDTUpdateMetadataCommand.ps1","136","5712","87","0","0"
"src/Hephaestus/Private/Get-HDTUpdateResultName.ps1","72","2803","47","1","0"
"src/Hephaestus/Private/Get-HDTValidateCheckDefinition.ps1","201","9901","91","0","0"
"src/Hephaestus/Private/Get-HDTValidateCheckResultName.ps1","54","2249","43","0","0"
"src/Hephaestus/Private/Get-HDTWindowForegroundSource.ps1","183","9476","107","0","0"
"src/Hephaestus/Private/Get-HDTWizardRevealPair.ps1","121","4730","63","7","0"
"src/Hephaestus/Private/Get-HDTWorkspaceChildKey.ps1","110","3640","42","12","0"
"src/Hephaestus/Private/Get-HDTWorkspaceFolderKey.ps1","44","1367","23","0","0"
"src/Hephaestus/Private/Get-HDTWorkspaceItem.ps1","94","3094","39","8","0"
"src/Hephaestus/Private/Get-HDTWorkspaceKey.ps1","176","6332","72","23","0"
"src/Hephaestus/Private/Get-HDTWorkspaceLogLevel.ps1","42","1511","31","0","0"
"src/Hephaestus/Private/Get-HDTWorkspaceSeed.ps1","72","3240","58","0","0"
"src/Hephaestus/Private/Group-HDTConsoleFolderRow.ps1","279","11911","108","18","0"
"src/Hephaestus/Private/Import-HDTDriverArchive.ps1","181","8510","93","9","0"
"src/Hephaestus/Private/Invoke-HDTStepAttempt.ps1","238","10386","106","12","0"
"src/Hephaestus/Private/Measure-HDTDriverInf.ps1","86","2949","47","4","0"
"src/Hephaestus/Private/New-HDTApplicationName.ps1","107","4475","68","0","0"
"src/Hephaestus/Private/New-HDTBootImageManifest.ps1","396","16090","173","15","0"
"src/Hephaestus/Private/New-HDTConsoleBootImageView.ps1","1555","80778","637","74","0"
"src/Hephaestus/Private/New-HDTConsoleDetectionDialog.ps1","309","12772","118","15","0"
"src/Hephaestus/Private/New-HDTConsoleDriverView.ps1","241","9754","94","9","0"
"src/Hephaestus/Private/New-HDTConsoleEditorView.ps1","1903","96841","719","114","0"
"src/Hephaestus/Private/New-HDTConsoleField.ps1","232","11289","150","4","0"
"src/Hephaestus/Private/New-HDTConsoleGridReader.ps1","222","9105","98","14","0"
"src/Hephaestus/Private/New-HDTConsoleMonitorRow.ps1","297","12753","141","17","0"
"src/Hephaestus/Private/New-HDTConsoleNode.ps1","242","11248","139","5","0"
"src/Hephaestus/Private/New-HDTConsoleOptionFlag.ps1","72","2492","36","1","0"
"src/Hephaestus/Private/New-HDTConsolePendingNode.ps1","69","2670","33","1","0"
"src/Hephaestus/Private/New-HDTConsoleSelectionProfileView.ps1","510","22515","180","25","0"
"src/Hephaestus/Private/New-HDTConsoleShareFailure.ps1","127","5171","44","0","0"
"src/Hephaestus/Private/New-HDTConsoleShareReader.ps1","124","6004","73","4","0"
"src/Hephaestus/Private/New-HDTConsoleView.ps1","2960","153320","1132","227","0"
"src/Hephaestus/Private/New-HDTErrorRecord.ps1","125","4997","66","4","0"
"src/Hephaestus/Private/New-HDTFileSystemFromText.ps1","82","2978","40","1","0"
"src/Hephaestus/Private/New-HDTMediaManifest.ps1","302","11108","132","13","0"
"src/Hephaestus/Private/New-HDTStepHeartbeat.ps1","250","13058","174","5","0"
"src/Hephaestus/Private/Protect-HDTSecretValue.ps1","90","3052","58","3","0"
"src/Hephaestus/Private/Protect-HDTShareSecret.ps1","64","2423","31","0","0"
"src/Hephaestus/Private/Read-HDTUpdatePackage.ps1","187","7646","69","9","0"
"src/Hephaestus/Private/Remove-HDTBlankRun.ps1","73","2423","32","4","0"
"src/Hephaestus/Private/Remove-HDTWorkspaceItem.ps1","96","3786","48","5","0"
"src/Hephaestus/Private/Resolve-HDTBootImageDriverPath.ps1","143","6046","73","8","0"
"src/Hephaestus/Private/Resolve-HDTConsoleCloseAnswer.ps1","60","2266","37","2","0"
"src/Hephaestus/Private/Resolve-HDTConsoleEditorSize.ps1","100","4279","65","2","0"
"src/Hephaestus/Private/Resolve-HDTConsoleWindowPosition.ps1","91","3823","58","2","0"
"src/Hephaestus/Private/Resolve-HDTConsoleWindowSize.ps1","94","3696","53","4","0"
"src/Hephaestus/Private/Resolve-HDTDiskLayoutName.ps1","141","5303","62","12","0"
"src/Hephaestus/Private/Resolve-HDTRuleBlock.ps1","67","2342","34","2","0"
"src/Hephaestus/Private/Resolve-HDTStepBlock.ps1","106","4296","58","4","0"
"src/Hephaestus/Private/Restore-HDTSecretBag.ps1","201","9531","77","14","0"
"src/Hephaestus/Private/Save-HDTConsoleSetting.ps1","142","5489","61","8","0"
"src/Hephaestus/Private/Save-HDTSecretBag.ps1","232","11338","122","12","0"
"src/Hephaestus/Private/Select-HDTApplicableUpdate.ps1","183","7061","80","13","0"
"src/Hephaestus/Private/Set-HDTApplicationLine.ps1","119","4294","54","12","0"
"src/Hephaestus/Private/Set-HDTBlockIndent.ps1","97","3213","41","7","0"
"src/Hephaestus/Private/Set-HDTConsoleExpandedPath.ps1","106","3711","43","11","0"
"src/Hephaestus/Private/Set-HDTConsoleSelectionProfileTick.ps1","210","7997","78","28","0"
"src/Hephaestus/Private/Set-HDTDocumentHeaderKey.ps1","214","9206","121","14","0"
"src/Hephaestus/Private/Set-HDTMediaWorkspaceLine.ps1","81","3761","61","0","0"
"src/Hephaestus/Private/Set-HDTRuleKey.ps1","132","4658","57","10","0"
"src/Hephaestus/Private/Set-HDTWindowText.ps1","101","3988","51","4","0"
"src/Hephaestus/Private/Set-HDTWorkspaceIndent.ps1","92","3073","38","8","0"
"src/Hephaestus/Private/Set-HDTWorkspaceKey.ps1","262","10323","90","30","0"
"src/Hephaestus/Private/Start-HDTAgentRemoval.ps1","210","9279","103","5","0"
"src/Hephaestus/Private/Start-HDTConsoleLog.ps1","178","7877","97","6","0"
"src/Hephaestus/Private/Step-HDTWizardPage.ps1","165","6973","85","9","0"
"src/Hephaestus/Private/Stop-HDTConsoleLog.ps1","60","2264","38","2","0"
"src/Hephaestus/Private/Test-HDTAutoLogonNeeded.ps1","149","6838","104","8","0"
"src/Hephaestus/Private/Test-HDTCaptureTarget.ps1","144","6329","82","3","0"
"src/Hephaestus/Private/Test-HDTConsoleComponentWrite.ps1","100","3682","61","5","0"
"src/Hephaestus/Private/Test-HDTConsoleImportApplication.ps1","159","6323","79","9","0"
"src/Hephaestus/Private/Test-HDTConsoleImportOperatingSystem.ps1","167","6773","73","13","0"
"src/Hephaestus/Private/Test-HDTConsoleImportWindowsUpdate.ps1","164","6059","62","14","0"
"src/Hephaestus/Private/Test-HDTConsoleLineChange.ps1","97","3857","62","5","0"
"src/Hephaestus/Private/Test-HDTConsoleNewMedia.ps1","108","4018","45","5","0"
"src/Hephaestus/Private/Test-HDTConsoleNewSequence.ps1","104","3616","42","5","0"
"src/Hephaestus/Private/Test-HDTConsoleNewWorkspace.ps1","114","4324","57","7","0"
"src/Hephaestus/Private/Test-HDTConsoleOpenWorkspace.ps1","99","3355","45","5","0"
"src/Hephaestus/Private/Test-HDTConsoleRowCommit.ps1","98","3897","64","6","0"
"src/Hephaestus/Private/Test-HDTFileSystemFile.ps1","69","2343","44","1","0"
"src/Hephaestus/Private/Test-HDTResumeStepForbidden.ps1","87","3514","53","5","0"
"src/Hephaestus/Private/Test-HDTRuleMatch.ps1","136","4719","57","12","0"
"src/Hephaestus/Private/Test-HDTSchemaVersion.ps1","45","1469","27","1","0"
"src/Hephaestus/Private/Test-HDTSecretRegistryValue.ps1","106","4419","80","2","0"
"src/Hephaestus/Private/Test-HDTSecretVariable.ps1","119","5060","85","5","0"
"src/Hephaestus/Private/Test-HDTSequenceAppliesUpdate.ps1","172","6968","80","18","0"
"src/Hephaestus/Private/Test-HDTSequenceNamesApplication.ps1","102","3588","40","13","0"
"src/Hephaestus/Private/Test-HDTStepPhaseForbidden.ps1","100","4164","68","5","0"
"src/Hephaestus/Private/Test-HDTStepRunInPhase.ps1","58","1840","30","2","0"
"src/Hephaestus/Private/Test-HDTUpdateExcluded.ps1","119","4538","66","8","0"
"src/Hephaestus/Private/Test-HDTUpdatePackageMatch.ps1","90","3136","52","2","0"
"src/Hephaestus/Private/Unprotect-HDTShareSecret.ps1","56","1677","21","0","0"
"src/Hephaestus/Private/Update-HDTDriverFolderReference.ps1","174","6823","85","12","0"
"src/Hephaestus/Private/Update-HDTProgressDisplay.ps1","114","4912","57","14","0"
"src/Hephaestus/Private/Write-HDTApplicationPlanLog.ps1","313","14776","107","19","0"
"src/Hephaestus/Private/Write-HDTStepLiveness.ps1","148","6883","100","5","0"
"src/Hephaestus/Public/Add-HDTBootImageCertificate.ps1","123","5246","59","7","0"
"src/Hephaestus/Public/Add-HDTBootImageComponent.ps1","144","6164","69","9","0"
"src/Hephaestus/Public/Add-HDTBootImageContent.ps1","165","7382","86","9","0"
"src/Hephaestus/Public/Add-HDTBootImageStartCommand.ps1","143","5887","73","9","0"
"src/Hephaestus/Public/Add-HDTRule.ps1","215","8889","96","17","0"
"src/Hephaestus/Public/Add-HDTStep.ps1","135","5197","66","7","0"
"src/Hephaestus/Public/Add-HDTStepPartition.ps1","198","7492","83","13","0"
"src/Hephaestus/Public/Add-HDTWorkspaceFolder.ps1","146","6090","70","7","0"
"src/Hephaestus/Public/Clear-HDTAutoLogon.ps1","269","11162","119","21","0"
"src/Hephaestus/Public/ConvertTo-HDTDiskLayout.ps1","380","18259","147","28","0"
"src/Hephaestus/Public/ConvertTo-HDTReport.ps1","653","26584","144","64","0"
"src/Hephaestus/Public/ConvertTo-HDTTimeZoneDaylightValue.ps1","220","10772","132","8","0"
"src/Hephaestus/Public/Copy-HDTDriverPackage.ps1","230","10264","137","8","0"
"src/Hephaestus/Public/Copy-HDTLog.ps1","199","9007","119","7","0"
"src/Hephaestus/Public/Copy-HDTResumeAgent.ps1","294","14112","158","11","0"
"src/Hephaestus/Public/Copy-HDTStep.ps1","82","3325","54","0","0"
"src/Hephaestus/Public/Expand-HDTSelectionProfile.ps1","107","4047","68","1","0"
"src/Hephaestus/Public/Expand-HDTStepPartition.ps1","209","9711","96","16","0"
"src/Hephaestus/Public/Export-HDTDeviceInventory.ps1","213","9752","141","8","0"
"src/Hephaestus/Public/Export-HDTMachineFact.ps1","117","4881","74","3","0"
"src/Hephaestus/Public/Export-HDTVariableProvenance.ps1","141","6272","84","3","0"
"src/Hephaestus/Public/Get-HDTAdkComponent.ps1","279","11700","135","17","0"
"src/Hephaestus/Public/Get-HDTAdkPath.ps1","271","12476","137","11","0"
"src/Hephaestus/Public/Get-HDTApplication.ps1","166","7422","89","6","0"
"src/Hephaestus/Public/Get-HDTAutoLogonState.ps1","89","3674","55","0","0"
"src/Hephaestus/Public/Get-HDTBootImage.ps1","204","9549","91","9","0"
"src/Hephaestus/Public/Get-HDTBootImageCertificatePassword.ps1","101","4084","54","6","0"
"src/Hephaestus/Public/Get-HDTBootImageComponent.ps1","234","10741","124","14","0"
"src/Hephaestus/Public/Get-HDTBootstrapConfiguration.ps1","393","18838","166","33","0"
"src/Hephaestus/Public/Get-HDTConsoleLogPath.ps1","79","3237","64","0","0"
"src/Hephaestus/Public/Get-HDTDeploymentFailure.ps1","288","13065","130","25","0"
"src/Hephaestus/Public/Get-HDTDeploymentMethod.ps1","90","3838","71","1","0"
"src/Hephaestus/Public/Get-HDTDeploymentPhase.ps1","120","6283","94","2","0"
"src/Hephaestus/Public/Get-HDTDiskLayout.ps1","260","13152","86","28","0"
"src/Hephaestus/Public/Get-HDTDriver.ps1","221","8666","100","14","0"
"src/Hephaestus/Public/Get-HDTDriverCoverage.ps1","163","6501","95","4","0"
"src/Hephaestus/Public/Get-HDTDriverGroup.ps1","79","2970","47","2","0"
"src/Hephaestus/Public/Get-HDTDriverMatch.ps1","212","8395","97","20","0"
"src/Hephaestus/Public/Get-HDTFeatureCatalog.ps1","194","11330","68","1","0"
"src/Hephaestus/Public/Get-HDTFinishAction.ps1","123","5555","63","4","0"
"src/Hephaestus/Public/Get-HDTGroupTemplate.ps1","59","2121","41","0","0"
"src/Hephaestus/Public/Get-HDTLogDestination.ps1","181","8137","119","6","0"
"src/Hephaestus/Public/Get-HDTLogPath.ps1","84","2677","49","2","0"
"src/Hephaestus/Public/Get-HDTMachineEnding.ps1","122","4797","68","5","0"
"src/Hephaestus/Public/Get-HDTMachineFact.ps1","715","36664","345","44","0"
"src/Hephaestus/Public/Get-HDTMachineOverride.ps1","126","5181","73","4","0"
"src/Hephaestus/Public/Get-HDTMedia.ps1","184","8233","103","7","0"
"src/Hephaestus/Public/Get-HDTModuleVersion.ps1","41","1301","33","0","0"
"src/Hephaestus/Public/Get-HDTNetworkConfiguration.ps1","157","7014","81","10","0"
"src/Hephaestus/Public/Get-HDTOperatingSystem.ps1","166","7347","94","7","0"
"src/Hephaestus/Public/Get-HDTOsRelease.ps1","171","7385","92","9","0"
"src/Hephaestus/Public/Get-HDTPresentDevice.ps1","118","4366","67","6","0"
"src/Hephaestus/Public/Get-HDTRefreshLaunchPlan.ps1","376","20872","247","7","0"
"src/Hephaestus/Public/Get-HDTResumeCandidate.ps1","340","19079","228","14","0"
"src/Hephaestus/Public/Get-HDTRunLogRecord.ps1","101","3960","53","9","0"
"src/Hephaestus/Public/Get-HDTSelectionProfile.ps1","121","4988","77","3","0"
"src/Hephaestus/Public/Get-HDTSequenceTemplate.ps1","124","4652","51","9","0"
"src/Hephaestus/Public/Get-HDTShareAccessRule.ps1","73","2770","46","1","0"
"src/Hephaestus/Public/Get-HDTShareContentFolder.ps1","124","4711","68","4","0"
"src/Hephaestus/Public/Get-HDTShareCredential.ps1","112","4629","52","7","0"
"src/Hephaestus/Public/Get-HDTStepDescription.ps1","78","2568","44","3","0"
"src/Hephaestus/Public/Get-HDTStepNeighbourTarget.ps1","229","8832","101","21","0"
"src/Hephaestus/Public/Get-HDTStepType.ps1","203","9290","85","18","0"
"src/Hephaestus/Public/Get-HDTTimeZone.ps1","72","2672","44","2","0"
"src/Hephaestus/Public/Get-HDTUsableAddress.ps1","102","3802","62","10","0"
"src/Hephaestus/Public/Get-HDTVariableMap.ps1","493","34343","203","7","0"
"src/Hephaestus/Public/Get-HDTVariableProvenance.ps1","82","3053","47","4","0"
"src/Hephaestus/Public/Get-HDTWindowsUpdate.ps1","159","6605","56","7","0"
"src/Hephaestus/Public/Get-HDTWizardApplication.ps1","246","11237","134","12","0"
"src/Hephaestus/Public/Get-HDTWizardComputerName.ps1","238","10617","132","12","0"
"src/Hephaestus/Public/Get-HDTWizardCredential.ps1","219","8670","102","11","0"
"src/Hephaestus/Public/Get-HDTWizardField.ps1","203","8599","109","12","0"
"src/Hephaestus/Public/Get-HDTWizardFocus.ps1","105","4490","70","7","0"
"src/Hephaestus/Public/Get-HDTWizardHarvest.ps1","88","3739","58","0","0"
"src/Hephaestus/Public/Get-HDTWizardPage.ps1","232","11046","124","20","0"
"src/Hephaestus/Public/Get-HDTWizardSeed.ps1","167","7835","97","15","0"
"src/Hephaestus/Public/Get-HDTWizardSelection.ps1","116","4865","79","6","0"
"src/Hephaestus/Public/Get-HDTWizardSequence.ps1","253","12398","142","11","0"
"src/Hephaestus/Public/Get-HDTWizardSkip.ps1","204","9163","116","11","0"
"src/Hephaestus/Public/Get-HDTWizardSummary.ps1","370","16582","194","26","0"
"src/Hephaestus/Public/Get-HDTWorkspacePath.ps1","108","4247","71","3","0"
"src/Hephaestus/Public/Get-HDTWorkspaceShareName.ps1","130","5056","73","5","0"
"src/Hephaestus/Public/Hide-HDTShellWindow.ps1","151","7329","99","3","0"
"src/Hephaestus/Public/Import-HDTApplication.ps1","325","15669","174","22","0"
"src/Hephaestus/Public/Import-HDTBootImageToWds.ps1","276","14039","166","11","0"
"src/Hephaestus/Public/Import-HDTBootstrapRuleDocument.ps1","118","5019","93","1","0"
"src/Hephaestus/Public/Import-HDTDriver.ps1","235","10433","108","9","0"
"src/Hephaestus/Public/Import-HDTOperatingSystem.ps1","229","9612","93","18","0"
"src/Hephaestus/Public/Import-HDTRuleDocument.ps1","88","3593","59","2","0"
"src/Hephaestus/Public/Import-HDTRunState.ps1","152","6558","73","8","0"
"src/Hephaestus/Public/Import-HDTSequenceDocument.ps1","385","17947","159","30","0"
"src/Hephaestus/Public/Import-HDTStepModule.ps1","57","2201","38","1","0"
"src/Hephaestus/Public/Import-HDTWindowsUpdate.ps1","312","15893","138","28","0"
"src/Hephaestus/Public/Import-HDTWizardDocument.ps1","196","8944","78","15","0"
"src/Hephaestus/Public/Import-HDTWorkspaceDocument.ps1","364","16502","149","29","0"
"src/Hephaestus/Public/Initialize-HDTWdsBootFile.ps1","261","12797","136","11","0"
"src/Hephaestus/Public/Install-HDTAdk.ps1","239","10233","109","18","0"
"src/Hephaestus/Public/Invoke-HDTBootReconciliation.ps1","213","7903","98","11","0"
"src/Hephaestus/Public/Invoke-HDTStep.ps1","106","4452","65","3","0"
"src/Hephaestus/Public/Invoke-HDTTaskSequence.ps1","1733","98252","925","83","0"
"src/Hephaestus/Public/Move-HDTBootImageStartCommand.ps1","149","5854","62","11","0"
"src/Hephaestus/Public/Move-HDTStep.ps1","352","16640","148","42","0"
"src/Hephaestus/Public/Move-HDTStepPartition.ps1","140","4754","56","12","0"
"src/Hephaestus/Public/Move-HDTWorkspaceFolder.ps1","229","9340","89","21","0"
"src/Hephaestus/Public/New-HDTBitLockerService.ps1","300","15109","147","10","0"
"src/Hephaestus/Public/New-HDTBootImageService.ps1","500","24315","252","10","0"
"src/Hephaestus/Public/New-HDTBootImageUnattend.ps1","136","5693","68","6","0"
"src/Hephaestus/Public/New-HDTBootIso.ps1","257","10075","136","9","0"
"src/Hephaestus/Public/New-HDTBootStatusHost.ps1","316","15593","156","15","0"
"src/Hephaestus/Public/New-HDTBuildProgress.ps1","248","11262","108","17","0"
"src/Hephaestus/Public/New-HDTCimProvider.ps1","101","4905","61","2","0"
"src/Hephaestus/Public/New-HDTClock.ps1","115","4342","55","1","0"
"src/Hephaestus/Public/New-HDTConsoleBootStatusHost.ps1","83","3817","52","0","0"
"src/Hephaestus/Public/New-HDTConsoleHost.ps1","1972","94941","609","95","0"
"src/Hephaestus/Public/New-HDTConsoleProgressHost.ps1","113","5352","69","2","0"
"src/Hephaestus/Public/New-HDTConsoleScreen.ps1","84","3693","56","0","0"
"src/Hephaestus/Public/New-HDTContentProvider.ps1","130","5002","65","8","0"
"src/Hephaestus/Public/New-HDTDiskLayoutPlan.ps1","196","8268","86","15","0"
"src/Hephaestus/Public/New-HDTDiskService.ps1","357","16794","137","8","0"
"src/Hephaestus/Public/New-HDTDomainService.ps1","189","9627","91","2","0"
"src/Hephaestus/Public/New-HDTDriverFolder.ps1","119","4753","74","3","0"
"src/Hephaestus/Public/New-HDTEnvironmentProvider.ps1","83","3403","47","0","0"
"src/Hephaestus/Public/New-HDTExecutionContext.ps1","163","6534","93","0","0"
"src/Hephaestus/Public/New-HDTFeatureService.ps1","137","5825","57","3","0"
"src/Hephaestus/Public/New-HDTFileSystem.ps1","658","32494","306","21","0"
"src/Hephaestus/Public/New-HDTImageService.ps1","931","49572","528","14","0"
"src/Hephaestus/Public/New-HDTLocalContentProvider.ps1","263","10408","92","15","0"
"src/Hephaestus/Public/New-HDTLogContext.ps1","395","18650","233","6","0"
"src/Hephaestus/Public/New-HDTLsaService.ps1","294","12289","85","5","0"
"src/Hephaestus/Public/New-HDTMedia.ps1","236","11212","127","6","0"
"src/Hephaestus/Public/New-HDTPowerService.ps1","154","6340","74","1","0"
"src/Hephaestus/Public/New-HDTProcessService.ps1","259","11966","120","10","0"
"src/Hephaestus/Public/New-HDTProgressHost.ps1","401","21710","191","19","0"
"src/Hephaestus/Public/New-HDTPxePayload.ps1","465","23421","229","26","0"
"src/Hephaestus/Public/New-HDTRegistryService.ps1","416","20140","193","7","0"
"src/Hephaestus/Public/New-HDTRunState.ps1","277","12081","141","10","0"
"src/Hephaestus/Public/New-HDTScriptInvoker.ps1","200","9785","111","3","0"
"src/Hephaestus/Public/New-HDTSelectionProfile.ps1","190","7876","99","10","0"
"src/Hephaestus/Public/New-HDTServiceCatalog.ps1","253","8478","128","3","0"
"src/Hephaestus/Public/New-HDTSmbContentProvider.ps1","535","24557","196","41","0"
"src/Hephaestus/Public/New-HDTSmbService.ps1","236","10210","92","2","0"
"src/Hephaestus/Public/New-HDTStepResult.ps1","99","3989","62","0","0"
"src/Hephaestus/Public/New-HDTTaskSequence.ps1","285","12075","124","21","0"
"src/Hephaestus/Public/New-HDTUpdateSessionService.ps1","322","14443","127","6","0"
"src/Hephaestus/Public/New-HDTWdsService.ps1","175","8174","89","2","0"
"src/Hephaestus/Public/New-HDTWizardHost.ps1","1198","65451","661","90","0"
"src/Hephaestus/Public/New-HDTWorkspace.ps1","449","21275","215","16","0"
"src/Hephaestus/Public/New-HDTWorkspaceShare.ps1","216","9938","126","7","0"
"src/Hephaestus/Public/Remove-HDTApplication.ps1","232","10693","96","23","0"
"src/Hephaestus/Public/Remove-HDTBootImageCertificate.ps1","96","3587","49","4","0"
"src/Hephaestus/Public/Remove-HDTBootImageComponent.ps1","162","6481","68","14","0"
"src/Hephaestus/Public/Remove-HDTBootImageContent.ps1","123","4870","61","7","0"
"src/Hephaestus/Public/Remove-HDTBootImageStartCommand.ps1","98","3801","55","3","0"
"src/Hephaestus/Public/Remove-HDTDriverFolder.ps1","138","5693","73","5","0"
"src/Hephaestus/Public/Remove-HDTMedia.ps1","196","9348","91","13","0"
"src/Hephaestus/Public/Remove-HDTMonitorRun.ps1","133","5885","76","4","0"
"src/Hephaestus/Public/Remove-HDTOperatingSystem.ps1","186","8034","82","13","0"
"src/Hephaestus/Public/Remove-HDTResumeAgent.ps1","292","13632","173","10","0"
"src/Hephaestus/Public/Remove-HDTRule.ps1","115","4591","67","5","0"
"src/Hephaestus/Public/Remove-HDTSelectionProfile.ps1","111","4138","57","5","0"
"src/Hephaestus/Public/Remove-HDTStep.ps1","107","4552","67","3","0"
"src/Hephaestus/Public/Remove-HDTStepPartition.ps1","100","3760","46","5","0"
"src/Hephaestus/Public/Remove-HDTTaskSequence.ps1","130","5494","63","6","0"
"src/Hephaestus/Public/Remove-HDTWindowsUpdate.ps1","220","9845","106","15","0"
"src/Hephaestus/Public/Remove-HDTWorkspaceFolder.ps1","118","4542","57","6","0"
"src/Hephaestus/Public/Rename-HDTDriverFolder.ps1","225","9642","94","10","0"
"src/Hephaestus/Public/Resolve-HDTApplicationOrder.ps1","436","19385","173","28","0"
"src/Hephaestus/Public/Resolve-HDTBootstrapRule.ps1","175","7126","85","9","0"
"src/Hephaestus/Public/Resolve-HDTBundleLine.ps1","159","6904","77","10","0"
"src/Hephaestus/Public/Resolve-HDTDeployRoot.ps1","204","8812","101","11","0"
"src/Hephaestus/Public/Resolve-HDTErrorMessage.ps1","112","4567","70","5","0"
"src/Hephaestus/Public/Resolve-HDTImageIndex.ps1","203","9026","78","15","0"
"src/Hephaestus/Public/Resolve-HDTVariable.ps1","403","19729","193","36","0"
"src/Hephaestus/Public/Restore-HDTRuleVariable.ps1","268","13252","146","15","0"
"src/Hephaestus/Public/Save-HDTOperatingSystemDocument.ps1","97","3623","56","4","0"
"src/Hephaestus/Public/Save-HDTRuleDocument.ps1","120","4362","62","4","0"
"src/Hephaestus/Public/Save-HDTRunState.ps1","172","7828","103","9","0"
"src/Hephaestus/Public/Save-HDTSelectionProfileDocument.ps1","117","4394","63","5","0"
"src/Hephaestus/Public/Save-HDTSequenceDocument.ps1","125","4737","65","4","0"
"src/Hephaestus/Public/Save-HDTWorkspaceDocument.ps1","125","4553","67","4","0"
"src/Hephaestus/Public/Select-HDTTargetDisk.ps1","237","11032","122","12","0"
"src/Hephaestus/Public/Set-HDTApplication.ps1","311","13746","146","12","0"
"src/Hephaestus/Public/Set-HDTAutoLogon.ps1","227","10266","137","3","0"
"src/Hephaestus/Public/Set-HDTBootImageBackground.ps1","123","5256","66","6","0"
"src/Hephaestus/Public/Set-HDTBootImageCertificatePassword.ps1","116","5008","65","3","0"
"src/Hephaestus/Public/Set-HDTBootImageClientCertificate.ps1","125","5404","73","5","0"
"src/Hephaestus/Public/Set-HDTBootImageDriver.ps1","134","5923","82","5","0"
"src/Hephaestus/Public/Set-HDTBootImageTimeZone.ps1","125","5290","73","5","0"
"src/Hephaestus/Public/Set-HDTBootImageUnattend.ps1","121","5339","69","5","0"
"src/Hephaestus/Public/Set-HDTDriverState.ps1","149","5680","61","11","0"
"src/Hephaestus/Public/Set-HDTLogPath.ps1","180","8449","107","5","0"
"src/Hephaestus/Public/Set-HDTMedia.ps1","259","11835","116","13","0"
"src/Hephaestus/Public/Set-HDTOperatingSystemProperty.ps1","162","7268","72","12","0"
"src/Hephaestus/Public/Set-HDTRule.ps1","235","9373","92","16","0"
"src/Hephaestus/Public/Set-HDTSelectionProfile.ps1","170","6715","80","11","0"
"src/Hephaestus/Public/Set-HDTSequenceVariable.ps1","206","8218","85","19","0"
"src/Hephaestus/Public/Set-HDTShareCredential.ps1","110","4795","61","3","0"
"src/Hephaestus/Public/Set-HDTStaticAddress.ps1","277","12389","115","21","0"
"src/Hephaestus/Public/Set-HDTStepCondition.ps1","126","4957","64","7","0"
"src/Hephaestus/Public/Set-HDTStepFlag.ps1","146","5797","78","7","0"
"src/Hephaestus/Public/Set-HDTStepPartition.ps1","190","6984","75","11","0"
"src/Hephaestus/Public/Set-HDTStepProperty.ps1","152","6330","71","10","0"
"src/Hephaestus/Public/Set-HDTStepPropertyList.ps1","161","6272","86","8","0"
"src/Hephaestus/Public/Set-HDTTaskSequenceProperty.ps1","183","7995","82","14","0"
"src/Hephaestus/Public/Set-HDTWindowForeground.ps1","131","6731","102","2","0"
"src/Hephaestus/Public/Set-HDTWindowsUpdate.ps1","195","9184","113","8","0"
"src/Hephaestus/Public/Set-HDTWorkspaceProperty.ps1","269","11889","136","8","0"
"src/Hephaestus/Public/Show-HDTBootImageWindow.ps1","200","8178","93","10","0"
"src/Hephaestus/Public/Show-HDTBuildProgressWindow.ps1","151","6275","78","4","0"
"src/Hephaestus/Public/Show-HDTConsole.ps1","448","20917","222","20","0"
"src/Hephaestus/Public/Show-HDTDeploymentFailure.ps1","185","8171","119","8","0"
"src/Hephaestus/Public/Show-HDTDriverWindow.ps1","131","4622","73","3","0"
"src/Hephaestus/Public/Show-HDTSelectionProfileWindow.ps1","163","6375","83","6","0"
"src/Hephaestus/Public/Show-HDTSequenceEditor.ps1","245","11310","130","10","0"
"src/Hephaestus/Public/Show-HDTWizard.ps1","294","13974","171","11","0"
"src/Hephaestus/Public/Show-HDTWizardShell.ps1","530","24313","256","28","0"
"src/Hephaestus/Public/Split-HDTAccountName.ps1","103","3823","60","3","0"
"src/Hephaestus/Public/Start-HDTBootStatus.ps1","169","7264","92","6","0"
"src/Hephaestus/Public/Start-HDTCommandPrompt.ps1","121","5171","75","3","0"
"src/Hephaestus/Public/Start-HDTConsole.ps1","208","9212","116","8","0"
"src/Hephaestus/Public/Start-HDTProgressDisplay.ps1","195","8493","98","10","0"
"src/Hephaestus/Public/Start-HDTWizardDeployment.ps1","147","6338","77","8","0"
"src/Hephaestus/Public/Steps/Get-HDTApplyDriversStepDescription.ps1","76","2797","46","4","0"
"src/Hephaestus/Public/Steps/Get-HDTApplyDriversStepTemplate.ps1","63","2476","39","0","0"
"src/Hephaestus/Public/Steps/Get-HDTApplyImageStepDescription.ps1","64","2261","31","3","0"
"src/Hephaestus/Public/Steps/Get-HDTApplyImageStepTemplate.ps1","58","2006","39","0","0"
"src/Hephaestus/Public/Steps/Get-HDTApplyUnattendStepDescription.ps1","47","1640","30","0","0"
"src/Hephaestus/Public/Steps/Get-HDTApplyUnattendStepTemplate.ps1","57","1927","37","0","0"
"src/Hephaestus/Public/Steps/Get-HDTApplyUpdatesStepDescription.ps1","97","4048","56","6","0"
"src/Hephaestus/Public/Steps/Get-HDTApplyUpdatesStepTemplate.ps1","78","3431","51","0","0"
"src/Hephaestus/Public/Steps/Get-HDTBootToWinPEStepDescription.ps1","61","2219","36","2","0"
"src/Hephaestus/Public/Steps/Get-HDTBootToWinPEStepTemplate.ps1","68","2579","48","0","0"
"src/Hephaestus/Public/Steps/Get-HDTCaptureImageStepDescription.ps1","53","1793","32","1","0"
"src/Hephaestus/Public/Steps/Get-HDTCaptureImageStepTemplate.ps1","79","3206","58","0","0"
"src/Hephaestus/Public/Steps/Get-HDTCleanVolumeStepDescription.ps1","59","2297","38","1","0"
"src/Hephaestus/Public/Steps/Get-HDTCleanVolumeStepTemplate.ps1","62","2247","43","0","0"
"src/Hephaestus/Public/Steps/Get-HDTCommandLineStepDescription.ps1","63","2134","32","2","0"
"src/Hephaestus/Public/Steps/Get-HDTCommandLineStepTemplate.ps1","58","1921","38","0","0"
"src/Hephaestus/Public/Steps/Get-HDTConfigureBootStepDescription.ps1","53","1870","32","1","0"
"src/Hephaestus/Public/Steps/Get-HDTConfigureBootStepTemplate.ps1","56","1851","37","0","0"
"src/Hephaestus/Public/Steps/Get-HDTDiskPartitionStepDescription.ps1","53","1887","31","1","0"
"src/Hephaestus/Public/Steps/Get-HDTDiskPartitionStepTemplate.ps1","114","4754","75","2","0"
"src/Hephaestus/Public/Steps/Get-HDTEnableBitLockerStepDescription.ps1","65","2225","34","2","0"
"src/Hephaestus/Public/Steps/Get-HDTEnableBitLockerStepTemplate.ps1","75","3069","44","0","0"
"src/Hephaestus/Public/Steps/Get-HDTGatherStepDescription.ps1","54","2260","37","0","0"
"src/Hephaestus/Public/Steps/Get-HDTGatherStepTemplate.ps1","54","1717","36","0","0"
"src/Hephaestus/Public/Steps/Get-HDTInstallApplicationsStepDescription.ps1","67","2457","36","3","0"
"src/Hephaestus/Public/Steps/Get-HDTInstallApplicationsStepTemplate.ps1","64","2419","44","0","0"
"src/Hephaestus/Public/Steps/Get-HDTInstallCertificateStepDescription.ps1","58","2034","36","2","0"
"src/Hephaestus/Public/Steps/Get-HDTInstallCertificateStepTemplate.ps1","61","2227","41","0","0"
"src/Hephaestus/Public/Steps/Get-HDTInstallRolesStepDescription.ps1","69","2353","33","4","0"
"src/Hephaestus/Public/Steps/Get-HDTInstallRolesStepTemplate.ps1","65","2365","43","0","0"
"src/Hephaestus/Public/Steps/Get-HDTJoinDomainStepDescription.ps1","81","3129","50","3","0"
"src/Hephaestus/Public/Steps/Get-HDTJoinDomainStepTemplate.ps1","89","3719","62","0","0"
"src/Hephaestus/Public/Steps/Get-HDTNoOpStepDescription.ps1","54","1778","31","1","0"
"src/Hephaestus/Public/Steps/Get-HDTNoOpStepTemplate.ps1","61","2178","43","0","0"
"src/Hephaestus/Public/Steps/Get-HDTPowerShellStepDescription.ps1","52","1643","29","1","0"
"src/Hephaestus/Public/Steps/Get-HDTPowerShellStepTemplate.ps1","54","1711","35","0","0"
"src/Hephaestus/Public/Steps/Get-HDTRestartStepDescription.ps1","53","1727","31","1","0"
"src/Hephaestus/Public/Steps/Get-HDTRestartStepTemplate.ps1","57","1933","38","0","0"
"src/Hephaestus/Public/Steps/Get-HDTSetVariableStepDescription.ps1","65","2104","31","4","0"
"src/Hephaestus/Public/Steps/Get-HDTSetVariableStepTemplate.ps1","57","1908","37","0","0"
"src/Hephaestus/Public/Steps/Get-HDTSuspendBitLockerStepDescription.ps1","58","2294","37","1","0"
"src/Hephaestus/Public/Steps/Get-HDTSuspendBitLockerStepTemplate.ps1","72","2953","52","0","0"
"src/Hephaestus/Public/Steps/Get-HDTSysprepStepDescription.ps1","57","2017","36","1","0"
"src/Hephaestus/Public/Steps/Get-HDTSysprepStepTemplate.ps1","69","2557","49","0","0"
"src/Hephaestus/Public/Steps/Get-HDTTattooStepDescription.ps1","63","2239","39","1","0"
"src/Hephaestus/Public/Steps/Get-HDTTattooStepTemplate.ps1","58","1993","40","0","0"
"src/Hephaestus/Public/Steps/Get-HDTValidateStepDescription.ps1","195","7991","131","11","0"
"src/Hephaestus/Public/Steps/Get-HDTValidateStepTemplate.ps1","61","2088","41","0","0"
"src/Hephaestus/Public/Steps/Get-HDTWindowsUpdateStepDescription.ps1","91","3510","57","4","0"
"src/Hephaestus/Public/Steps/Get-HDTWindowsUpdateStepTemplate.ps1","107","5120","84","0","0"
"src/Hephaestus/Public/Steps/Invoke-HDTApplyDriversStep.ps1","1156","61902","554","59","0"
"src/Hephaestus/Public/Steps/Invoke-HDTApplyImageStep.ps1","350","17048","159","21","0"
"src/Hephaestus/Public/Steps/Invoke-HDTApplyUnattendStep.ps1","596","31407","319","41","0"
"src/Hephaestus/Public/Steps/Invoke-HDTApplyUpdatesStep.ps1","764","39795","345","39","0"
"src/Hephaestus/Public/Steps/Invoke-HDTBootToWinPEStep.ps1","517","28653","256","32","0"
"src/Hephaestus/Public/Steps/Invoke-HDTCaptureImageStep.ps1","404","19519","192","22","0"
"src/Hephaestus/Public/Steps/Invoke-HDTCleanVolumeStep.ps1","348","18288","167","15","0"
"src/Hephaestus/Public/Steps/Invoke-HDTCommandLineStep.ps1","249","11446","111","14","0"
"src/Hephaestus/Public/Steps/Invoke-HDTConfigureBootStep.ps1","321","15087","119","21","0"
"src/Hephaestus/Public/Steps/Invoke-HDTDiskPartitionStep.ps1","363","16845","155","22","0"
"src/Hephaestus/Public/Steps/Invoke-HDTEnableBitLockerStep.ps1","574","27990","235","43","0"
"src/Hephaestus/Public/Steps/Invoke-HDTGatherStep.ps1","527","28750","301","28","0"
"src/Hephaestus/Public/Steps/Invoke-HDTInstallApplicationsStep.ps1","955","49510","442","41","0"
"src/Hephaestus/Public/Steps/Invoke-HDTInstallCertificateStep.ps1","275","12296","104","16","0"
"src/Hephaestus/Public/Steps/Invoke-HDTInstallRolesStep.ps1","296","13235","102","22","0"
"src/Hephaestus/Public/Steps/Invoke-HDTJoinDomainStep.ps1","427","22569","194","26","0"
"src/Hephaestus/Public/Steps/Invoke-HDTNoOpStep.ps1","122","5515","77","2","0"
"src/Hephaestus/Public/Steps/Invoke-HDTPowerShellStep.ps1","151","6786","87","6","0"
"src/Hephaestus/Public/Steps/Invoke-HDTRestartStep.ps1","90","3768","61","0","0"
"src/Hephaestus/Public/Steps/Invoke-HDTSetVariableStep.ps1","193","8929","96","12","0"
"src/Hephaestus/Public/Steps/Invoke-HDTSuspendBitLockerStep.ps1","288","14900","137","16","0"
"src/Hephaestus/Public/Steps/Invoke-HDTSysprepStep.ps1","531","27136","241","41","0"
"src/Hephaestus/Public/Steps/Invoke-HDTTattooStep.ps1","281","13533","141","13","0"
"src/Hephaestus/Public/Steps/Invoke-HDTValidateStep.ps1","1024","53133","392","80","0"
"src/Hephaestus/Public/Steps/Invoke-HDTWindowsUpdateStep.ps1","664","33743","217","40","0"
"src/Hephaestus/Public/Steps/Test-HDTPowerShellStepApplicable.ps1","72","2946","45","1","0"
"src/Hephaestus/Public/Test-HDTAdminPassword.ps1","148","7032","108","2","0"
"src/Hephaestus/Public/Test-HDTApplicationDetection.ps1","229","8889","99","15","0"
"src/Hephaestus/Public/Test-HDTBootImageCertificatePassword.ps1","66","2214","43","1","0"
"src/Hephaestus/Public/Test-HDTComputerName.ps1","155","6673","97","6","0"
"src/Hephaestus/Public/Test-HDTElevation.ps1","53","2004","39","0","0"
"src/Hephaestus/Public/Test-HDTRunStateAbandoned.ps1","110","3996","61","4","0"
"src/Hephaestus/Public/Test-HDTShareAcl.ps1","294","12723","121","28","0"
"src/Hephaestus/Public/Test-HDTStepApplicable.ps1","96","3445","58","3","0"
"src/Hephaestus/Public/Test-HDTStepCondition.ps1","109","4362","64","2","0"
"src/Hephaestus/Public/Test-HDTTaskSequence.ps1","248","11341","109","24","0"
"src/Hephaestus/Public/Test-HDTWizardAnswerChanged.ps1","97","3992","68","3","0"
"src/Hephaestus/Public/Update-HDTBootImage.ps1","2009","106692","924","111","0"
"src/Hephaestus/Public/Update-HDTMediaContent.ps1","577","25366","208","28","0"
"src/Hephaestus/Public/Update-HDTModuleVersion.ps1","245","11427","101","8","0"
"src/Hephaestus/Public/Update-HDTRunStateStep.ps1","173","6123","82","9","0"
"src/Hephaestus/Public/Write-HDTLog.ps1","447","21729","253","22","0"
"src/Hephaestus/Public/Write-HDTModuleBundle.ps1","180","9510","100","4","0"
"src/Hephaestus/Public/Write-HDTStatus.ps1","246","10700","135","8","0"
"src/Hephaestus/Public/Write-HDTVariableLog.ps1","148","7627","102","2","0"
"src/Hephaestus/Start-HDTConsole.ps1","111","4480","73","2","0"
"src/Hephaestus/Strings/en-us.psd1","674","43635","148","0","0"
"src/Hephaestus/Templates/Launcher/Start-HDTRefresh.ps1","226","12576","178","0","0"
"tests/contract/AppSchema.Contract.Tests.ps1","164","8113","43","3","0"
"tests/contract/BitLockerService.Contract.Tests.ps1","219","9906","58","2","0"
"tests/contract/BootImageService.Contract.Tests.ps1","206","9853","72","10","0"
"tests/contract/BootstrapRulesSchema.Contract.Tests.ps1","263","9353","51","2","0"
"tests/contract/CimProvider.Contract.Tests.ps1","140","6708","33","0","0"
"tests/contract/ClockService.Contract.Tests.ps1","107","4228","17","1","0"
"tests/contract/CommandReference.Contract.Tests.ps1","121","6863","14","3","0"
"tests/contract/ConsoleBootImageDocument.Contract.Tests.ps1","103","5012","29","3","0"
"tests/contract/ConsoleBootImageField.Contract.Tests.ps1","149","7434","43","5","0"
"tests/contract/ConsoleEditorState.Contract.Tests.ps1","190","8984","58","11","0"
"tests/contract/ConsoleSurface.Contract.Tests.ps1","764","38342","173","100","0"
"tests/contract/ContentProvider.Contract.Tests.ps1","211","10485","58","8","0"
"tests/contract/DiskService.Contract.Tests.ps1","229","10224","52","16","0"
"tests/contract/EnvironmentProvider.Contract.Tests.ps1","83","3636","21","0","0"
"tests/contract/ExampleQuality.Contract.Tests.ps1","346","15765","70","51","0"
"tests/contract/ExportedCommandReach.Contract.Tests.ps1","272","16800","100","25","0"
"tests/contract/FeatureService.Contract.Tests.ps1","146","6394","36","3","0"
"tests/contract/FileSystemService.Contract.Tests.ps1","702","34128","129","29","0"
"tests/contract/GalleryBadge.Contract.Tests.ps1","84","4510","32","3","0"
"tests/contract/GeneratedDocument.Contract.Tests.ps1","208","10335","58","14","0"
"tests/contract/ImageService.Contract.Tests.ps1","250","12596","96","12","0"
"tests/contract/InjectedServiceDefault.Contract.Tests.ps1","135","6486","51","12","0"
"tests/contract/JoinCredential.Contract.Tests.ps1","338","17506","113","4","0"
"tests/contract/LabMemoryBudget.Contract.Tests.ps1","257","12553","84","14","0"
"tests/contract/LabSnapshotGuard.Contract.Tests.ps1","124","5730","47","6","0"
"tests/contract/LogEventVocabulary.Contract.Tests.ps1","140","8188","82","1","0"
"tests/contract/LsaService.Contract.Tests.ps1","173","7173","39","3","0"
"tests/contract/MediaSchema.Contract.Tests.ps1","250","8704","40","2","0"
"tests/contract/MonitorHealth.Contract.Tests.ps1","80","3773","30","4","0"
"tests/contract/Naming.Contract.Tests.ps1","179","9721","60","8","0"
"tests/contract/NoControlCharacter.Contract.Tests.ps1","143","6875","66","9","0"
"tests/contract/NoInteractivePrompt.Contract.Tests.ps1","266","11584","66","15","0"
"tests/contract/NoKeystroke.Contract.Tests.ps1","232","12265","89","4","0"
"tests/contract/NoMdtDependency.Contract.Tests.ps1","100","4681","19","6","0"
"tests/contract/OsReleasesSchema.Contract.Tests.ps1","322","10868","58","3","0"
"tests/contract/OsSchema.Contract.Tests.ps1","139","7349","35","2","0"
"tests/contract/PayloadExportedCommand.Contract.Tests.ps1","156","7355","61","6","0"
"tests/contract/PhaseLiteral.Contract.Tests.ps1","336","17816","103","24","0"
"tests/contract/PowerService.Contract.Tests.ps1","236","10357","56","7","0"
"tests/contract/PowerShell51Compatibility.Contract.Tests.ps1","89","4537","40","1","0"
"tests/contract/ProcessService.Contract.Tests.ps1","188","8784","61","1","0"
"tests/contract/ProtectedPath.Contract.Tests.ps1","528","26927","99","49","0"
"tests/contract/RealMachineFootprint.Contract.Tests.ps1","190","9170","65","11","0"
"tests/contract/RegistryService.Contract.Tests.ps1","458","21459","112","4","0"
"tests/contract/RulesSchema.Contract.Tests.ps1","161","8564","36","1","0"
"tests/contract/SchemaPairing.Contract.Tests.ps1","195","9957","63","0","0"
"tests/contract/ScratchTeardown.Contract.Tests.ps1","182","9559","60","2","0"
"tests/contract/ScriptInvoker.Contract.Tests.ps1","210","10437","54","3","0"
"tests/contract/SecretRedaction.Contract.Tests.ps1","447","22371","138","16","0"
"tests/contract/SelectionProfileSchema.Contract.Tests.ps1","371","12551","67","3","0"
"tests/contract/SequenceSchema.Contract.Tests.ps1","195","10481","58","2","0"
"tests/contract/SequenceTemplatePlan.Contract.Tests.ps1","389","18787","107","52","0"
"tests/contract/ShippedDefault.Contract.Tests.ps1","123","5754","45","9","0"
"tests/contract/ShippedDocumentSchema.Contract.Tests.ps1","321","13695","77","30","0"
"tests/contract/ShippedSequenceTattoo.Contract.Tests.ps1","219","10385","65","20","0"
"tests/contract/SingularNoun.Contract.Tests.ps1","234","11259","70","20","0"
"tests/contract/SlowSuiteSkip.Contract.Tests.ps1","98","5245","47","2","0"
"tests/contract/StartnetCommand.Contract.Tests.ps1","191","9185","61","10","0"
"tests/contract/StateSchema.Contract.Tests.ps1","135","6906","21","1","0"
"tests/contract/StepContract.Tests.ps1","255","12433","62","2","0"
"tests/contract/StepHeartbeat.Contract.Tests.ps1","146","8135","73","0","0"
"tests/contract/StepProgress.Contract.Tests.ps1","1024","57739","325","10","0"
"tests/contract/StepTemplate.Contract.Tests.ps1","115","5010","35","10","0"
"tests/contract/StepVariableExpansion.Contract.Tests.ps1","447","27723","177","14","0"
"tests/contract/StringTable.Contract.Tests.ps1","293","13439","90","13","0"
"tests/contract/TypedParameterShadow.Contract.Tests.ps1","135","6328","52","10","0"
"tests/contract/UnattendTemplate.Contract.Tests.ps1","587","35514","182","24","0"
"tests/contract/UpdateSchema.Contract.Tests.ps1","396","12495","49","2","0"
"tests/contract/UpdateSessionService.Contract.Tests.ps1","410","19647","90","4","0"
"tests/contract/VariableNamespace.Contract.Tests.ps1","264","12639","52","7","0"
"tests/contract/WinPeUiStack.Contract.Tests.ps1","1069","57105","412","36","0"
"tests/contract/WinPeWindowReach.Contract.Tests.ps1","254","13443","99","0","0"
"tests/contract/WizardPageSurface.Contract.Tests.ps1","474","22676","130","57","0"
"tests/contract/WizardValidateRule.Contract.Tests.ps1","189","9188","44","10","0"
"tests/contract/WorkspaceSchema.Contract.Tests.ps1","219","11321","48","2","0"
"tests/e2e/ApplicationRoundTrip.E2E.Tests.ps1","1106","58045","328","77","0"
"tests/e2e/CapturedImageDeployment.E2E.Tests.ps1","886","48401","347","41","0"
"tests/e2e/Deployment.E2E.Tests.ps1","984","50802","300","48","0"
"tests/e2e/payload/AD-DC-2025/Install-LabForest.ps1","224","13329","99","15","0"
"tests/e2e/payload/AD-DC-2025/Set-DcDnsConfiguration.ps1","227","12728","129","11","0"
"tests/e2e/payload/AD-DC-2025/Test-DomainControllerReady.ps1","246","11890","87","19","0"
"tests/e2e/payload/AD-JOIN/Set-ClientDnsToDomainController.ps1","280","15921","149","18","0"
"tests/e2e/payload/AD-JOIN/Test-DomainMembership.ps1","539","29913","191","44","0"
"tests/e2e/payload/REF-BUILD/Set-ReferenceMarker.ps1","136","7170","71","9","0"
"tests/e2e/payload/REF-CAPTURE/Set-ReferenceMarker.ps1","136","7170","71","9","0"
"tests/e2e/payload/Start-HDTLabDeployment.ps1","346","15418","116","15","0"
"tests/e2e/payload/Start-HDTLabProbe.ps1","315","13429","95","23","0"
"tests/e2e/payload/Start-HDTSmbProbe.ps1","325","13442","97","28","0"
"tests/e2e/payload/Start-HDTWizardProbe.ps1","337","13821","94","18","0"
"tests/e2e/ReferenceCapture.E2E.Tests.ps1","857","44872","322","44","0"
"tests/e2e/Refresh.E2E.Tests.ps1","1715","95249","762","75","0"
"tests/e2e/UnattendedDeployment.E2E.Tests.ps1","1137","59226","339","57","0"
"tests/e2e/WindowsUpdate.E2E.Tests.ps1","666","35904","235","39","0"
"tests/e2e/WinPeSmoke.E2E.Tests.ps1","498","25044","151","13","0"
"tests/e2e/Wizard.E2E.Tests.ps1","360","16254","74","14","0"
"tests/fixtures/analyzer/AnalyzerBait.ps1","35","1622","27","0","1"
"tests/fixtures/compat/Ps51-Clean.ps1","10","193","1","1","0"
"tests/fixtures/compat/Ps7-CleanBlock.ps1","8","297","3","0","0"
"tests/fixtures/compat/Ps7-ConvertFromJsonAsHashtable.ps1","6","156","1","0","0"
"tests/fixtures/compat/Ps7-ForEachParallel.ps1","5","190","2","0","0"
"tests/fixtures/compat/Ps7-GetError.ps1","6","110","1","0","0"
"tests/fixtures/compat/Ps7-NullCoalescing.ps1","5","155","1","0","0"
"tests/fixtures/compat/Ps7-NullCoalescingAssignment.ps1","5","138","1","0","0"
"tests/fixtures/compat/Ps7-NullConditionalIndex.ps1","5","122","1","0","0"
"tests/fixtures/compat/Ps7-NullConditionalMember.ps1","6","201","2","0","0"
"tests/fixtures/compat/Ps7-PSStyle.ps1","6","159","1","0","0"
"tests/fixtures/compat/Ps7-Ternary.ps1","4","109","1","0","0"
"tests/fixtures/footprint/FootprintAbsenceAssertion.ps1","26","1029","11","0","0"
"tests/fixtures/mdt/MdtDependency.ps1","14","539","3","0","0"
"tests/fixtures/mdt/MdtFreeReference.ps1","11","479","5","0","0"
"tests/fixtures/naming/BadName.ps1","12","629","3","0","0"
"tests/fixtures/naming/ClassMember.psm1","41","925","8","0","0"
"tests/fixtures/naming/GoodName.ps1","22","578","5","0","0"
"tests/fixtures/naming/NoFunction.ps1","5","146","1","0","0"
"tests/fixtures/naming/SampleModule.psm1","6","141","1","0","0"
"tests/fixtures/protectedpath/incident-2026-09-07.ps1","30","1656","27","0","0"
"tests/fixtures/scratchleak/LeakingSuite.ps1","23","782","7","0","0"
"tests/fixtures/scripts/Get-ComputerName.ps1","11","603","7","0","0"
"tests/fixtures/scripts/Get-Nothing.ps1","4","205","2","0","0"
"tests/fixtures/scripts/Write-HostAndObject.ps1","13","601","7","0","0"
"tests/fixtures/scripts/Write-HostAndThrow.ps1","23","1209","12","0","0"
"tests/fixtures/slowskip/DiscoveryOnly.ps1","18","550","3","0","0"
"tests/fixtures/slowskip/DiscoveryReadInBeforeAll.ps1","29","1022","11","1","0"
"tests/fixtures/slowskip/RecomputedInBeforeAll.ps1","27","935","6","1","0"
"tests/fixtures/slowskip/Unparseable.ps1","23","848","8","1","2"
"tests/helpers/HDTFakeHyperV/Hyper-V/Hyper-V.psd1","18","830","0","0","0"
"tests/helpers/HDTFakeHyperV/Hyper-V/Hyper-V.psm1","290","12302","68","2","0"
"tests/helpers/HDTFakes/HDTFakes.psd1","49","1608","0","0","0"
"tests/helpers/HDTFakes/HDTFakes.psm1","7369","300048","2633","384","0"
"tests/helpers/HDTLintShard.ps1","61","2566","27","0","0"
"tests/helpers/HDTTestShard.ps1","159","7307","66","8","0"
"tests/helpers/HDTTestTools/data/HDTMdtTerm.psd1","55","1839","15","0","0"
"tests/helpers/HDTTestTools/HDTTestTools.psd1","75","2575","0","0","0"
"tests/helpers/HDTTestTools/HDTTestTools.psm1","17","502","0","2","0"
"tests/helpers/HDTTestTools/tools/Assert-HDTLabMemoryBudget.ps1","90","4167","47","4","0"
"tests/helpers/HDTTestTools/tools/Assert-HDTLabScratchDisk.ps1","73","2643","33","4","0"
"tests/helpers/HDTTestTools/tools/Assert-HDTLabVmName.ps1","72","3017","46","3","0"
"tests/helpers/HDTTestTools/tools/Assert-HDTLabVmPath.ps1","95","3939","50","4","0"
"tests/helpers/HDTTestTools/tools/ConvertFrom-HDTThumbnailImage.ps1","115","4778","55","3","0"
"tests/helpers/HDTTestTools/tools/ConvertTo-HDTCanonicalJson.ps1","85","2991","32","11","0"
"tests/helpers/HDTTestTools/tools/Get-HDTAutoLogonArtifact.ps1","152","5952","81","9","0"
"tests/helpers/HDTTestTools/tools/Get-HDTBadgeColor.ps1","51","1613","33","5","0"
"tests/helpers/HDTTestTools/tools/Get-HDTFunctionNameViolation.ps1","103","3483","40","6","0"
"tests/helpers/HDTTestTools/tools/Get-HDTJsonSchemaInstanceType.ps1","57","2249","27","9","0"
"tests/helpers/HDTTestTools/tools/Get-HDTJsonSchemaKeyword.ps1","141","6038","40","11","0"
"tests/helpers/HDTTestTools/tools/Get-HDTJsonSchemaNodeViolation.ps1","320","14106","69","57","0"
"tests/helpers/HDTTestTools/tools/Get-HDTJsonSchemaViolation.ps1","112","4804","66","5","0"
"tests/helpers/HDTTestTools/tools/Get-HDTJsonSchemaVocabulary.ps1","83","3527","48","0","0"
"tests/helpers/HDTTestTools/tools/Get-HDTLabMemoryBudget.ps1","64","2867","50","0","0"
"tests/helpers/HDTTestTools/tools/Get-HDTLabMemoryUse.ps1","108","4633","64","5","0"
"tests/helpers/HDTTestTools/tools/Get-HDTLabOfflineComputerName.ps1","109","3987","39","6","0"
"tests/helpers/HDTTestTools/tools/Get-HDTLabProtectedVm.ps1","116","4712","73","1","0"
"tests/helpers/HDTTestTools/tools/Get-HDTLabVmStamp.ps1","47","2033","36","0","0"
"tests/helpers/HDTTestTools/tools/Get-HDTLogRecord.ps1","118","3730","52","7","0"
"tests/helpers/HDTTestTools/tools/Get-HDTMdtDependency.ps1","129","5465","45","11","0"
"tests/helpers/HDTTestTools/tools/Get-HDTRealMachineState.ps1","127","5525","69","6","0"
"tests/helpers/HDTTestTools/tools/Get-HDTScratchLeakViolation.ps1","85","3325","44","5","0"
"tests/helpers/HDTTestTools/tools/Get-HDTScratchRootReference.ps1","131","5666","54","13","0"
"tests/helpers/HDTTestTools/tools/Get-HDTScriptCompatibilityViolation.ps1","218","10424","57","20","0"
"tests/helpers/HDTTestTools/tools/Get-HDTShardFailureReason.ps1","116","4578","52","8","0"
"tests/helpers/HDTTestTools/tools/Get-HDTSlowSuiteSkipViolation.ps1","249","11345","66","33","0"
"tests/helpers/HDTTestTools/tools/Get-HDTSourceFile.ps1","129","4812","44","15","0"
"tests/helpers/HDTTestTools/tools/Get-HDTSourceFunction.ps1","97","3982","47","5","0"
"tests/helpers/HDTTestTools/tools/Get-HDTWorkerCount.ps1","57","2033","33","1","0"
"tests/helpers/HDTTestTools/tools/Merge-HDTPesterSummary.ps1","161","6558","64","13","0"
"tests/helpers/HDTTestTools/tools/New-HDTBadgeFile.ps1","86","3128","48","2","0"
"tests/helpers/HDTTestTools/tools/New-HDTLabContentDisk.ps1","146","6017","51","13","0"
"tests/helpers/HDTTestTools/tools/New-HDTLabScratchDisk.ps1","117","4271","47","8","0"
"tests/helpers/HDTTestTools/tools/New-HDTLabVirtualMachine.ps1","208","9716","117","8","0"
"tests/helpers/HDTTestTools/tools/New-HDTPesterConfiguration.ps1","146","5772","63","7","0"
"tests/helpers/HDTTestTools/tools/New-HDTSequenceTestHarness.ps1","362","13861","140","18","0"
"tests/helpers/HDTTestTools/tools/Remove-HDTLabScratchDisk.ps1","61","2176","25","5","0"
"tests/helpers/HDTTestTools/tools/Remove-HDTLabScratchTree.ps1","180","8940","82","16","0"
"tests/helpers/HDTTestTools/tools/Remove-HDTLabVirtualMachine.ps1","157","7193","86","11","0"
"tests/helpers/HDTTestTools/tools/Resolve-HDTJsonSchemaReference.ps1","76","2859","35","3","0"
"tests/helpers/HDTTestTools/tools/Save-HDTLabVmScreen.ps1","124","4497","44","5","0"
"tests/helpers/HDTTestTools/tools/Send-HDTLabVmText.ps1","124","4969","63","7","0"
"tests/helpers/HDTTestTools/tools/Split-HDTTestBucket.ps1","139","5581","61","10","0"
"tests/helpers/HDTTestTools/tools/Test-HDTFunctionName.ps1","41","1197","26","0","0"
"tests/helpers/HDTTestTools/tools/Test-HDTJsonSchema.ps1","51","1813","35","0","0"
"tests/helpers/HDTTestTools/tools/Test-HDTLabVmStamped.ps1","55","1915","35","1","0"
"tests/helpers/HDTTestTools/tools/Test-HDTModuleAvailable.ps1","63","2086","38","3","0"
"tests/helpers/HDTTestTools/tools/Test-HDTScriptCompatibility.ps1","34","924","20","0","0"
"tests/helpers/HDTTestTools/tools/Wait-HDTLabVmState.ps1","135","4677","57","8","0"
"tests/integration/BootImage.Integration.Tests.ps1","619","28014","90","29","0"
"tests/integration/DiskPartition.Integration.Tests.ps1","284","12813","47","6","0"
"tests/integration/DiskService.Integration.Tests.ps1","399","18948","94","13","0"
"tests/integration/FileSystemReadOnly.Integration.Tests.ps1","104","4744","37","1","0"
"tests/integration/FileSystemReparsePoint.Integration.Tests.ps1","184","8862","61","2","0"
"tests/integration/ImageService.Integration.Tests.ps1","684","33238","202","20","0"
"tests/integration/MediaIso.Integration.Tests.ps1","128","6342","36","5","0"
"tests/integration/PxePayload.Integration.Tests.ps1","240","11988","63","11","0"
"tests/integration/SmbContentProvider.Integration.Tests.ps1","326","16430","74","9","0"
"tests/integration/WinPeContent.Integration.Tests.ps1","219","10264","65","10","0"
"tests/selfcheck/DeliberateFailure.Tests.ps1","16","657","8","0","0"
"tests/selfcheck/DeliberatePass.Tests.ps1","13","459","5","0","0"
"tests/unit/ActiveStatusMarker.Tests.ps1","258","10266","40","4","0"
"tests/unit/Add-HDTResolvedVariable.Tests.ps1","269","13611","35","0","0"
"tests/unit/AdkInstall.Tests.ps1","222","10085","44","0","0"
"tests/unit/Assert-HDTApplicationDocument.Tests.ps1","152","6530","19","4","0"
"tests/unit/Assert-HDTBootLoaderServicingLevel.Tests.ps1","231","10701","65","1","0"
"tests/unit/Assert-HDTMachineDocument.Tests.ps1","234","9719","23","2","0"
"tests/unit/Assert-HDTMediaDocument.Tests.ps1","467","18374","24","10","0"
"tests/unit/Assert-HDTOperatingSystemDocument.Tests.ps1","362","15546","16","23","0"
"tests/unit/Assert-HDTRuleDocument.Tests.ps1","527","24059","65","25","0"
"tests/unit/Assert-HDTSequenceDocument.Tests.ps1","648","18716","42","2","0"
"tests/unit/Assert-HDTWizardDocument.Tests.ps1","285","13807","52","2","0"
"tests/unit/Assert-HDTWorkspaceDocument.Tests.ps1","487","23354","61","3","0"
"tests/unit/BcdCommand.Tests.ps1","463","23211","159","9","0"
"tests/unit/BcdStoreArgument.Tests.ps1","81","3649","32","0","0"
"tests/unit/BootImageCertificate.Tests.ps1","348","15223","51","3","0"
"tests/unit/BootImageDriverPath.Tests.ps1","195","8152","23","1","0"
"tests/unit/BootImageInventory.Tests.ps1","184","7466","25","1","0"
"tests/unit/BootImagePublishRefusal.Tests.ps1","95","4591","40","0","0"
"tests/unit/BootstrapDeployRootWarning.Tests.ps1","114","4900","14","1","0"
"tests/unit/BootstrapRule.Tests.ps1","440","17355","81","0","0"
"tests/unit/BuildScript.Tests.ps1","690","31985","167","17","0"
"tests/unit/CiLabWorkflow.Tests.ps1","672","37878","256","32","0"
"tests/unit/CiWorkflow.Tests.ps1","529","28599","231","13","0"
"tests/unit/Clear-HDTAutoLogon.Tests.ps1","318","15898","22","1","0"
"tests/unit/ConsoleApplication.Tests.ps1","402","19681","78","2","0"
"tests/unit/ConsoleBootImage.Tests.ps1","805","39635","179","4","0"
"tests/unit/ConsoleBootImageClose.Tests.ps1","522","21919","66","16","0"
"tests/unit/ConsoleBootImageEdit.Tests.ps1","163","6932","27","0","0"
"tests/unit/ConsoleBootImageRebuild.Tests.ps1","242","10194","50","0","0"
"tests/unit/ConsoleBootImageRuleDirty.Tests.ps1","580","24969","89","5","0"
"tests/unit/ConsoleBootImageSaveCommand.Tests.ps1","171","8360","26","0","0"
"tests/unit/ConsoleBootImageView.Tests.ps1","131","5439","17","2","0"
"tests/unit/ConsoleBuildBusy.Tests.ps1","52","2240","14","0","0"
"tests/unit/ConsoleBuildFailure.Tests.ps1","106","4503","23","0","0"
"tests/unit/ConsoleBuildLogPath.Tests.ps1","50","2118","11","0","0"
"tests/unit/ConsoleBuildProgress.Tests.ps1","198","8030","24","0","0"
"tests/unit/ConsoleButtonPress.Tests.ps1","328","14688","79","10","0"
"tests/unit/ConsoleCategoryIcon.Tests.ps1","176","8232","43","4","0"
"tests/unit/ConsoleCommandLine.Tests.ps1","217","8261","35","0","0"
"tests/unit/ConsoleComponentWrite.Tests.ps1","131","5181","24","0","0"
"tests/unit/ConsoleDependencyChoice.Tests.ps1","183","7965","34","0","0"
"tests/unit/ConsoleDetectionForm.Tests.ps1","233","9563","35","2","0"
"tests/unit/ConsoleDetectionTyping.Tests.ps1","197","8623","34","10","0"
"tests/unit/ConsoleDriverGrid.Tests.ps1","156","6701","33","2","0"
"tests/unit/ConsoleDriverSaveState.Tests.ps1","113","4477","21","0","0"
"tests/unit/ConsoleDriverView.Tests.ps1","358","17401","62","2","0"
"tests/unit/ConsoleEditorClose.Tests.ps1","128","5126","33","0","0"
"tests/unit/ConsoleEditorParseCache.Tests.ps1","393","18046","118","5","0"
"tests/unit/ConsoleEditorRefresh.Tests.ps1","149","6632","31","0","0"
"tests/unit/ConsoleEditorRename.Tests.ps1","208","9760","44","2","0"
"tests/unit/ConsoleEditorState.Tests.ps1","430","18021","82","0","0"
"tests/unit/ConsoleEditorTreeSkip.Tests.ps1","207","8991","40","0","0"
"tests/unit/ConsoleEditorView.Tests.ps1","158","6955","30","2","0"
"tests/unit/ConsoleEditorWindow.Tests.ps1","742","33209","158","2","0"
"tests/unit/ConsoleFeatureChoice.Tests.ps1","269","10302","30","0","0"
"tests/unit/ConsoleFieldBrowse.Tests.ps1","189","9862","43","1","0"
"tests/unit/ConsoleFieldEdit.Tests.ps1","1035","51927","223","24","0"
"tests/unit/ConsoleFolderAction.Tests.ps1","235","9489","32","0","0"
"tests/unit/ConsoleFolderCreate.Tests.ps1","103","3867","18","0","0"
"tests/unit/ConsoleFolderMove.Tests.ps1","171","6933","26","1","0"
"tests/unit/ConsoleFolderNode.Tests.ps1","230","9902","40","0","0"
"tests/unit/ConsoleGridReader.Tests.ps1","183","6490","29","3","0"
"tests/unit/ConsoleImageWrite.Tests.ps1","166","7118","21","0","0"
"tests/unit/ConsoleLineChange.Tests.ps1","131","5449","27","0","0"
"tests/unit/ConsoleLog.Tests.ps1","227","10585","46","0","0"
"tests/unit/ConsoleLogValue.Tests.ps1","136","5898","26","0","0"
"tests/unit/ConsoleMediaNode.Tests.ps1","620","30410","112","10","0"
"tests/unit/ConsoleMonitor.Tests.ps1","396","19152","72","1","0"
"tests/unit/ConsoleMonitorHealth.Tests.ps1","227","10311","38","1","0"
"tests/unit/ConsoleMonitorHeartbeat.Tests.ps1","197","9436","37","2","0"
"tests/unit/ConsoleMonitorNode.Tests.ps1","334","15573","64","2","0"
"tests/unit/ConsoleMonitorRefresh.Tests.ps1","189","8715","31","1","0"
"tests/unit/ConsoleMonitorReport.Tests.ps1","192","8248","39","1","0"
"tests/unit/ConsoleNewWorkspaceMessage.Tests.ps1","148","6192","27","0","0"
"tests/unit/ConsoleOpenAction.Tests.ps1","120","4428","19","0","0"
"tests/unit/ConsolePendingNode.Tests.ps1","89","3516","19","0","0"
"tests/unit/ConsoleProfileFolder.Tests.ps1","170","7290","20","2","0"
"tests/unit/ConsoleRememberedShare.Tests.ps1","137","6282","24","0","0"
"tests/unit/ConsoleRemoval.Tests.ps1","330","13915","58","0","0"
"tests/unit/ConsoleRoundTrip.Tests.ps1","192","9325","61","1","0"
"tests/unit/ConsoleRowCommit.Tests.ps1","127","5124","25","0","0"
"tests/unit/ConsoleRowDocument.Tests.ps1","287","12695","44","4","0"
"tests/unit/ConsoleRuleSetting.Tests.ps1","198","7748","37","0","0"
"tests/unit/ConsoleSelectionProfile.Tests.ps1","396","17074","47","3","0"
"tests/unit/ConsoleSelectionProfileTick.Tests.ps1","152","6976","24","1","0"
"tests/unit/ConsoleSelectionProfileView.Tests.ps1","342","15692","42","3","0"
"tests/unit/ConsoleSequenceEditor.Tests.ps1","588","24340","98","1","0"
"tests/unit/ConsoleSequenceSave.Tests.ps1","125","4919","21","0","0"
"tests/unit/ConsoleSetting.Tests.ps1","436","19518","68","2","0"
"tests/unit/ConsoleShareDetail.Tests.ps1","173","7219","40","0","0"
"tests/unit/ConsoleStepAdd.Tests.ps1","235","9886","26","0","0"
"tests/unit/ConsoleStepBlock.Tests.ps1","202","7515","22","0","0"
"tests/unit/ConsoleStepCatalog.Tests.ps1","458","21799","89","15","0"
"tests/unit/ConsoleStepEdit.Tests.ps1","323","12491","49","0","0"
"tests/unit/ConsoleStepFieldKind.Tests.ps1","318","11750","40","0","0"
"tests/unit/ConsoleStepFlag.Tests.ps1","237","9776","23","1","0"
"tests/unit/ConsoleStepMoveNeighbour.Tests.ps1","232","9917","50","1","0"
"tests/unit/ConsoleStepMoveTarget.Tests.ps1","322","12079","35","1","0"
"tests/unit/ConsoleStepOccurrence.Tests.ps1","156","6033","28","0","0"
"tests/unit/ConsoleStepProperty.Tests.ps1","382","16284","58","2","0"
"tests/unit/ConsoleTitleVersion.Tests.ps1","187","8112","47","0","0"
"tests/unit/ConsoleTreeExpansion.Tests.ps1","185","7747","27","3","0"
"tests/unit/ConsoleTreeMenu.Tests.ps1","458","21166","149","6","0"
"tests/unit/ConsoleTreeMenuWiring.Tests.ps1","772","37814","177","7","0"
"tests/unit/ConsoleTreeNode.Tests.ps1","938","43507","200","7","0"
"tests/unit/ConsoleValidation.Tests.ps1","207","8254","35","0","0"
"tests/unit/ConsoleView.Tests.ps1","201","8892","42","3","0"
"tests/unit/ConsoleWindow.Tests.ps1","882","40276","181","12","0"
"tests/unit/ConsoleWindowIcon.Tests.ps1","82","3929","29","0","0"
"tests/unit/ConsoleWindowsUpdateEdit.Tests.ps1","140","6330","32","1","0"
"tests/unit/ConsoleWorkspace.Tests.ps1","470","19335","54","2","0"
"tests/unit/ConvertFrom-HDTDismProgressLine.Tests.ps1","130","5224","25","2","0"
"tests/unit/ConvertFrom-HDTStepCondition.Tests.ps1","195","7829","26","7","0"
"tests/unit/ConvertFrom-HDTThumbnailImage.Tests.ps1","86","4022","25","0","0"
"tests/unit/ConvertFrom-HDTUpdateMetadata.Tests.ps1","211","10063","46","1","0"
"tests/unit/ConvertFrom-HDTYaml.Tests.ps1","224","8547","27","4","0"
"tests/unit/ConvertTo-HDTCmTraceLine.Tests.ps1","349","17517","78","2","0"
"tests/unit/ConvertTo-HDTComparableString.Tests.ps1","82","3342","16","0","0"
"tests/unit/ConvertTo-HDTDiskLayout.Tests.ps1","520","24765","135","3","0"
"tests/unit/ConvertTo-HDTHtmlText.Tests.ps1","71","2312","11","0","0"
"tests/unit/ConvertTo-HDTIcaclsRight.Tests.ps1","50","2216","16","0","0"
"tests/unit/ConvertTo-HDTNativeArgument.Tests.ps1","192","8255","53","0","0"
"tests/unit/ConvertTo-HDTReport.Tests.ps1","481","22384","47","4","0"
"tests/unit/ConvertTo-HDTTimeZoneDaylightValue.Tests.ps1","255","12709","78","2","0"
"tests/unit/ConvertTo-HDTVariableText.Tests.ps1","141","6148","34","0","0"
"tests/unit/Copy-HDTContentTree.Tests.ps1","171","7385","15","4","0"
"tests/unit/Copy-HDTDriverPackage.Tests.ps1","262","12077","60","1","0"
"tests/unit/Copy-HDTLog.Tests.ps1","256","13204","46","0","0"
"tests/unit/Copy-HDTResumeAgent.Tests.ps1","335","15803","93","0","0"
"tests/unit/DeploymentMethodPublication.Tests.ps1","295","14523","89","3","0"
"tests/unit/DeploymentTypePersistence.Tests.ps1","274","12958","76","7","0"
"tests/unit/DiskServiceErrorAction.Tests.ps1","119","5616","45","4","0"
"tests/unit/DriverCatalog.Tests.ps1","310","13609","35","1","0"
"tests/unit/DriverCoverage.Tests.ps1","108","4741","20","0","0"
"tests/unit/DriverDateFormat.Tests.ps1","89","3549","23","0","0"
"tests/unit/DriverFolderRename.Tests.ps1","178","7573","28","0","0"
"tests/unit/DriverImport.Tests.ps1","423","19075","55","4","0"
"tests/unit/DriverInf.Tests.ps1","209","8739","40","1","0"
"tests/unit/DriverInjection.Tests.ps1","218","9141","39","0","0"
"tests/unit/DriverInventoryCompare.Tests.ps1","480","23635","109","0","0"
"tests/unit/DriverMatch.Tests.ps1","170","7940","33","0","0"
"tests/unit/DriverPackageFile.Tests.ps1","98","3928","20","0","0"
"tests/unit/DriverSource.Tests.ps1","218","9269","36","0","0"
"tests/unit/DynamicLogging.Tests.ps1","567","26970","153","5","0"
"tests/unit/DynamicLogMirrorParity.Tests.ps1","333","17232","84","4","0"
"tests/unit/DynamicLogRunFolder.Tests.ps1","414","20175","93","7","0"
"tests/unit/E2eWorkflow.Tests.ps1","513","27583","218","32","0"
"tests/unit/EarlyLogDestination.Tests.ps1","309","13717","74","4","0"
"tests/unit/Expand-HDTRuleExpression.Tests.ps1","130","5713","30","0","0"
"tests/unit/Expand-HDTVariableToken.Tests.ps1","286","11757","32","3","0"
"tests/unit/Export-HDTDeviceInventory.Tests.ps1","221","10618","44","0","0"
"tests/unit/Export-HDTMachineFact.Tests.ps1","126","5701","9","0","0"
"tests/unit/Export-HDTVariableProvenance.Tests.ps1","246","11504","48","5","0"
"tests/unit/FakeJournal.Tests.ps1","286","12175","13","2","0"
"tests/unit/Format-HDTProgressLine.Tests.ps1","273","12593","62","0","0"
"tests/unit/GatherAndResolve.EndToEnd.Tests.ps1","288","13241","50","6","0"
"tests/unit/Get-HDTAdkComponent.Tests.ps1","240","9951","26","3","0"
"tests/unit/Get-HDTAdkComponentDescription.Tests.ps1","156","7106","34","1","0"
"tests/unit/Get-HDTAdkPath.Tests.ps1","428","19869","34","14","0"
"tests/unit/Get-HDTApplication.Tests.ps1","309","14528","35","3","0"
"tests/unit/Get-HDTAutoLogonArtifact.Tests.ps1","147","6866","22","0","0"
"tests/unit/Get-HDTAutoLogonState.Tests.ps1","128","5304","6","1","0"
"tests/unit/Get-HDTBootImageComponent.Tests.ps1","388","19330","42","14","0"
"tests/unit/Get-HDTBootIsoArgument.Tests.ps1","247","10685","32","4","0"
"tests/unit/Get-HDTBootLoaderSource.Tests.ps1","224","10006","50","5","0"
"tests/unit/Get-HDTBootstrapConfiguration.Tests.ps1","517","22716","69","1","0"
"tests/unit/Get-HDTBrandingName.Tests.ps1","64","2624","20","0","0"
"tests/unit/Get-HDTCommandPromptPath.Tests.ps1","107","4664","19","4","0"
"tests/unit/Get-HDTConsoleApplicationChoice.Tests.ps1","235","9910","37","0","0"
"tests/unit/Get-HDTConsoleApplicationEdit.Tests.ps1","164","6806","20","2","0"
"tests/unit/Get-HDTConsoleConditionOption.Tests.ps1","152","6591","41","1","0"
"tests/unit/Get-HDTConsoleImageChoice.Tests.ps1","534","22046","84","4","0"
"tests/unit/Get-HDTConsoleMediaEdit.Tests.ps1","118","5452","20","0","0"
"tests/unit/Get-HDTConsoleMonitorRefresh.Tests.ps1","247","10403","33","0","0"
"tests/unit/Get-HDTConsoleNewMedia.Tests.ps1","202","8188","25","1","0"
"tests/unit/Get-HDTConsoleNewSequence.Tests.ps1","245","11241","49","2","0"
"tests/unit/Get-HDTConsolePartitionRow.Tests.ps1","443","19699","67","6","0"
"tests/unit/Get-HDTConsoleRuleHelp.Tests.ps1","197","8582","41","3","0"
"tests/unit/Get-HDTConsoleValidateCheck.Tests.ps1","185","7870","34","6","0"
"tests/unit/Get-HDTDeploymentFailure.Tests.ps1","515","24151","80","3","0"
"tests/unit/Get-HDTDeploymentMethod.Tests.ps1","96","4777","24","2","0"
"tests/unit/Get-HDTDeploymentPhase.Tests.ps1","152","7380","37","5","0"
"tests/unit/Get-HDTDeploymentProgress.Tests.ps1","613","31806","148","3","0"
"tests/unit/Get-HDTDiskLayout.Tests.ps1","348","14081","33","9","0"
"tests/unit/Get-HDTDriverGroup.Tests.ps1","74","3446","14","0","0"
"tests/unit/Get-HDTErrorDetail.Tests.ps1","199","7952","41","2","0"
"tests/unit/Get-HDTFailureClass.Tests.ps1","292","12657","47","9","0"
"tests/unit/Get-HDTFinishAction.Tests.ps1","135","5601","27","0","0"
"tests/unit/Get-HDTHandlerCall.Tests.ps1","121","4840","28","0","0"
"tests/unit/Get-HDTLabProtectedVm.Tests.ps1","104","4871","30","2","0"
"tests/unit/Get-HDTLogDestination.Tests.ps1","294","14415","60","2","0"
"tests/unit/Get-HDTLogPath.Tests.ps1","69","2644","9","1","0"
"tests/unit/Get-HDTLogRecord.Tests.ps1","67","2933","6","0","0"
"tests/unit/Get-HDTMachineEnding.Tests.ps1","120","5449","40","1","0"
"tests/unit/Get-HDTMachineFact.Tests.ps1","836","40444","100","9","0"
"tests/unit/Get-HDTMachineOverride.Tests.ps1","166","7722","18","1","0"
"tests/unit/Get-HDTMdtDependency.Tests.ps1","144","6165","7","3","0"
"tests/unit/Get-HDTMedia.Tests.ps1","265","10846","19","3","0"
"tests/unit/Get-HDTMediaDependencyWarning.Tests.ps1","195","7941","24","1","0"
"tests/unit/Get-HDTMediaProjection.Tests.ps1","526","24106","50","9","0"
"tests/unit/Get-HDTModuleVersion.Tests.ps1","37","1332","0","0","0"
"tests/unit/Get-HDTNetworkConfiguration.Tests.ps1","308","15034","57","0","0"
"tests/unit/Get-HDTOperatingSystem.Tests.ps1","279","13577","29","5","0"
"tests/unit/Get-HDTPowerCommand.Tests.ps1","232","10074","52","3","0"
"tests/unit/Get-HDTPowerShellPath.Tests.ps1","102","4665","22","0","0"
"tests/unit/Get-HDTRealMachineState.Tests.ps1","164","7284","40","0","0"
"tests/unit/Get-HDTRefreshLaunchPlan.Tests.ps1","424","21799","149","3","0"
"tests/unit/Get-HDTResumeCandidate.Tests.ps1","445","20073","119","1","0"
"tests/unit/Get-HDTRunLogRecord.Tests.ps1","66","2609","7","1","0"
"tests/unit/Get-HDTScriptCompatibilityViolation.Tests.ps1","162","7737","7","3","0"
"tests/unit/Get-HDTShardFailureReason.Tests.ps1","128","5789","29","0","0"
"tests/unit/Get-HDTSlowSuiteSkipViolation.Tests.ps1","119","5029","16","0","0"
"tests/unit/Get-HDTSourceFile.Tests.ps1","106","4154","0","3","0"
"tests/unit/Get-HDTSourceFunction.Tests.ps1","122","5874","15","4","0"
"tests/unit/Get-HDTStartnetScript.Tests.ps1","423","20472","115","4","0"
"tests/unit/Get-HDTStepLogName.Tests.ps1","117","3819","18","0","0"
"tests/unit/Get-HDTStepProperty.Tests.ps1","269","12048","28","6","0"
"tests/unit/Get-HDTStepTemplate.Tests.ps1","280","11108","43","8","0"
"tests/unit/Get-HDTStepType.Tests.ps1","207","9018","35","1","0"
"tests/unit/Get-HDTStringTable.Tests.ps1","198","8397","36","3","0"
"tests/unit/Get-HDTUsableAddress.Tests.ps1","150","6671","33","1","0"
"tests/unit/Get-HDTValidateStepDescription.Tests.ps1","198","8961","51","6","0"
"tests/unit/Get-HDTVariableMap.Tests.ps1","279","12571","62","4","0"
"tests/unit/Get-HDTVariableProvenance.Tests.ps1","82","3270","8","0","0"
"tests/unit/Get-HDTWizardApplication.Tests.ps1","238","12392","53","4","0"
"tests/unit/Get-HDTWizardComputerName.Tests.ps1","161","7497","27","2","0"
"tests/unit/Get-HDTWizardCredential.Tests.ps1","250","12762","44","2","0"
"tests/unit/Get-HDTWizardField.Tests.ps1","270","13582","63","4","0"
"tests/unit/Get-HDTWizardFocus.Tests.ps1","113","4999","33","1","0"
"tests/unit/Get-HDTWizardHarvest.Tests.ps1","84","3879","29","0","0"
"tests/unit/Get-HDTWizardPage.Tests.ps1","538","24280","121","4","0"
"tests/unit/Get-HDTWizardRevealPair.Tests.ps1","182","7825","37","0","0"
"tests/unit/Get-HDTWizardSeed.Tests.ps1","161","7439","34","4","0"
"tests/unit/Get-HDTWizardSelection.Tests.ps1","97","4561","31","0","0"
"tests/unit/Get-HDTWizardSequence.Tests.ps1","246","11712","49","3","0"
"tests/unit/Get-HDTWizardSkip.Tests.ps1","295","14191","66","2","0"
"tests/unit/Get-HDTWizardSummary.Tests.ps1","1146","54571","222","37","0"
"tests/unit/Get-HDTWorkerCount.Tests.ps1","76","3352","19","0","0"
"tests/unit/Get-HDTWorkspacePath.Tests.ps1","103","5390","15","4","0"
"tests/unit/HarnessSelfCheck.Tests.ps1","250","12120","42","3","0"
"tests/unit/HDTTestShard.Tests.ps1","165","7846","42","1","0"
"tests/unit/Imaging.EndToEnd.Tests.ps1","605","31309","182","4","0"
"tests/unit/Import-HDTApplication.Tests.ps1","527","26950","59","11","0"
"tests/unit/Import-HDTBootImageToWds.Tests.ps1","358","17694","68","7","0"
"tests/unit/Import-HDTOperatingSystem.Tests.ps1","322","16161","19","3","0"
"tests/unit/Import-HDTRuleDocument.Tests.ps1","201","8582","16","7","0"
"tests/unit/Import-HDTRunState.Tests.ps1","238","10965","31","6","0"
"tests/unit/Import-HDTSequenceDocument.Tests.ps1","481","20685","65","5","0"
"tests/unit/Import-HDTWizardDocument.Tests.ps1","202","8215","20","6","0"
"tests/unit/Import-HDTWorkspaceDocument.Tests.ps1","297","14599","23","4","0"
"tests/unit/Initialize-HDTWdsBootFile.Tests.ps1","290","14180","65","3","0"
"tests/unit/InstallCertificateStep.Tests.ps1","257","11411","40","3","0"
"tests/unit/Invoke-HDTApplyDriversStep.Tests.ps1","966","49769","217","17","0"
"tests/unit/Invoke-HDTApplyImageStep.Tests.ps1","709","34661","78","4","0"
"tests/unit/Invoke-HDTApplyUnattendStep.Tests.ps1","1218","61639","243","7","0"
"tests/unit/Invoke-HDTApplyUpdatesStep.Tests.ps1","1009","50108","169","10","0"
"tests/unit/Invoke-HDTBootReconciliation.Tests.ps1","380","16889","28","0","0"
"tests/unit/Invoke-HDTBootToWinPEStep.Tests.ps1","487","25496","110","6","0"
"tests/unit/Invoke-HDTCaptureImageStep.Tests.ps1","543","27184","66","5","0"
"tests/unit/Invoke-HDTCleanVolumeStep.Tests.ps1","638","30581","124","16","0"
"tests/unit/Invoke-HDTCommandLineStep.Tests.ps1","375","17758","41","11","0"
"tests/unit/Invoke-HDTConfigureBootStep.Tests.ps1","459","22194","49","6","0"
"tests/unit/Invoke-HDTDiskPartitionStep.Tests.ps1","768","34978","99","6","0"
"tests/unit/Invoke-HDTEnableBitLockerStep.Tests.ps1","636","30457","108","6","0"
"tests/unit/Invoke-HDTGatherStep.Tests.ps1","425","20263","109","9","0"
"tests/unit/Invoke-HDTInstallApplicationsStep.Tests.ps1","1427","72215","291","8","0"
"tests/unit/Invoke-HDTInstallRolesStep.Tests.ps1","352","15994","29","5","0"
"tests/unit/Invoke-HDTJoinDomainStep.Tests.ps1","805","37849","124","13","0"
"tests/unit/Invoke-HDTNoOpStep.Tests.ps1","157","6975","16","3","0"
"tests/unit/Invoke-HDTPowerShellStep.Tests.ps1","207","9261","26","4","0"
"tests/unit/Invoke-HDTRestartStep.Tests.ps1","121","5148","12","2","0"
"tests/unit/Invoke-HDTSetVariableStep.Tests.ps1","232","10417","22","6","0"
"tests/unit/Invoke-HDTStep.Tests.ps1","266","11255","26","2","0"
"tests/unit/Invoke-HDTSuspendBitLockerStep.Tests.ps1","325","15027","52","9","0"
"tests/unit/Invoke-HDTSysprepStep.Tests.ps1","655","31782","73","4","0"
"tests/unit/Invoke-HDTTaskSequence.CaptureLeg.Tests.ps1","263","13305","101","4","0"
"tests/unit/Invoke-HDTTaskSequence.Disabled.Tests.ps1","115","4262","13","0","0"
"tests/unit/Invoke-HDTTaskSequence.Failure.Tests.ps1","261","10789","15","0","0"
"tests/unit/Invoke-HDTTaskSequence.FullOsStateMirror.Tests.ps1","179","8734","54","0","0"
"tests/unit/Invoke-HDTTaskSequence.Identity.Tests.ps1","120","5196","28","0","0"
"tests/unit/Invoke-HDTTaskSequence.LogRelocation.Tests.ps1","315","13409","65","4","0"
"tests/unit/Invoke-HDTTaskSequence.Ordering.Tests.ps1","350","15814","22","1","0"
"tests/unit/Invoke-HDTTaskSequence.Reboot.Tests.ps1","707","33874","162","5","0"
"tests/unit/Invoke-HDTTaskSequence.Reenter.Tests.ps1","213","8915","39","6","0"
"tests/unit/Invoke-HDTTaskSequence.Resume.Tests.ps1","549","26668","132","13","0"
"tests/unit/Invoke-HDTTaskSequence.ResumeAgent.Tests.ps1","333","15983","90","0","0"
"tests/unit/Invoke-HDTTaskSequence.ResumedWinPE.Tests.ps1","591","29235","200","17","0"
"tests/unit/Invoke-HDTTaskSequence.Retry.Tests.ps1","324","15831","30","3","0"
"tests/unit/Invoke-HDTTaskSequence.Teardown.Tests.ps1","348","15274","27","1","0"
"tests/unit/Invoke-HDTTattooStep.Tests.ps1","609","29563","110","12","0"
"tests/unit/Invoke-HDTValidateStep.Refresh.Tests.ps1","609","32164","140","7","0"
"tests/unit/Invoke-HDTValidateStep.Tests.ps1","818","37853","101","11","0"
"tests/unit/Invoke-HDTWindowsUpdateStep.Tests.ps1","717","32376","50","12","0"
"tests/unit/JsonSchemaValidator.Tests.ps1","380","17549","44","1","0"
"tests/unit/LabDomainSequence.Tests.ps1","432","22276","117","28","0"
"tests/unit/LabMemoryBudget.Tests.ps1","285","12446","55","2","0"
"tests/unit/LabPayloadSequence.Tests.ps1","279","12701","66","22","0"
"tests/unit/LabVmStamp.Tests.ps1","86","3412","22","1","0"
"tests/unit/LocalWinPePlan.Tests.ps1","219","9136","41","1","0"
"tests/unit/LogTreeNesting.Tests.ps1","211","9574","59","4","0"
"tests/unit/MachineFactProvenance.Tests.ps1","274","13402","67","9","0"
"tests/unit/MediaConnectLoop.Tests.ps1","403","18624","83","10","0"
"tests/unit/MediaEmptyLogDestination.Tests.ps1","88","4256","40","1","0"
"tests/unit/MediaLogCopyBack.Tests.ps1","413","19053","80","7","0"
"tests/unit/MediaResumeDeployRoot.Tests.ps1","96","4350","36","3","0"
"tests/unit/MediaVolumeCandidate.Tests.ps1","168","8558","70","6","0"
"tests/unit/Merge-HDTPesterSummary.Tests.ps1","149","6921","30","0","0"
"tests/unit/Module.Loader.Tests.ps1","70","3034","0","0","0"
"tests/unit/Module.Manifest.Tests.ps1","67","2705","0","0","0"
"tests/unit/ModuleBundle.Tests.ps1","342","16319","71","5","0"
"tests/unit/ModuleVersion.Tests.ps1","331","15159","47","0","0"
"tests/unit/MonitorRunRemoval.Tests.ps1","229","9084","24","1","0"
"tests/unit/NativeCommandStderr.Tests.ps1","151","7518","71","4","0"
"tests/unit/New-HDTApplicationName.Tests.ps1","140","6254","36","0","0"
"tests/unit/New-HDTBadgeFile.Tests.ps1","112","4805","23","0","0"
"tests/unit/New-HDTBootImageManifest.Tests.ps1","318","15087","54","0","0"
"tests/unit/New-HDTBootIso.Tests.ps1","339","16572","32","7","0"
"tests/unit/New-HDTBuildProgress.Tests.ps1","276","12192","62","1","0"
"tests/unit/New-HDTContentProvider.Tests.ps1","176","7335","18","4","0"
"tests/unit/New-HDTDiskLayoutPlan.Tests.ps1","337","14381","49","11","0"
"tests/unit/New-HDTErrorRecord.Tests.ps1","158","6285","19","1","0"
"tests/unit/New-HDTExecutionContext.Tests.ps1","178","8243","33","0","0"
"tests/unit/New-HDTFakeBootImageService.Tests.ps1","361","17489","38","1","0"
"tests/unit/New-HDTFakeCimProvider.Tests.ps1","276","12439","26","1","0"
"tests/unit/New-HDTFakeClock.Tests.ps1","156","6354","14","0","0"
"tests/unit/New-HDTFakeContentProvider.Tests.ps1","215","8815","21","6","0"
"tests/unit/New-HDTFakeDiskService.Tests.ps1","510","22793","67","4","0"
"tests/unit/New-HDTFakeEnvironmentProvider.Tests.ps1","79","3298","10","0","0"
"tests/unit/New-HDTFakeFileSystem.Tests.ps1","351","14994","43","3","0"
"tests/unit/New-HDTFakeImageService.Tests.ps1","585","27280","103","4","0"
"tests/unit/New-HDTFakeLsaService.Tests.ps1","118","4426","16","0","0"
"tests/unit/New-HDTFakePowerService.Tests.ps1","55","1767","6","0","0"
"tests/unit/New-HDTFakeProcessService.Tests.ps1","123","4793","15","2","0"
"tests/unit/New-HDTFakeRegistryService.Tests.ps1","316","13381","33","0","0"
"tests/unit/New-HDTFakeScriptInvoker.Tests.ps1","194","8321","18","0","0"
"tests/unit/New-HDTFakeSmbService.Tests.ps1","235","9654","30","3","0"
"tests/unit/New-HDTFakeWdsService.Tests.ps1","225","9457","41","1","0"
"tests/unit/New-HDTLabScratchDisk.Tests.ps1","130","5573","22","0","0"
"tests/unit/New-HDTLabVirtualMachine.Tests.ps1","972","48722","261","11","0"
"tests/unit/New-HDTLocalContentProvider.Tests.ps1","213","8761","20","8","0"
"tests/unit/New-HDTLogContext.Tests.ps1","143","5590","10","1","0"
"tests/unit/New-HDTMedia.Tests.ps1","224","10471","24","0","0"
"tests/unit/New-HDTMediaManifest.Tests.ps1","183","7909","20","2","0"
"tests/unit/New-HDTPesterConfiguration.Tests.ps1","138","6527","22","0","0"
"tests/unit/New-HDTPowerService.Tests.ps1","161","7988","47","3","0"
"tests/unit/New-HDTPxePayload.Tests.ps1","622","29456","93","23","0"
"tests/unit/New-HDTRunState.Tests.ps1","234","10286","29","0","0"
"tests/unit/New-HDTSequenceTestHarness.Tests.ps1","249","10543","19","1","0"
"tests/unit/New-HDTServiceCatalog.Tests.ps1","235","11351","42","2","0"
"tests/unit/New-HDTSmbContentProvider.Tests.ps1","654","29982","79","20","0"
"tests/unit/New-HDTStepHeartbeat.Tests.ps1","371","17149","80","8","0"
"tests/unit/New-HDTStepResult.Tests.ps1","93","4190","28","2","0"
"tests/unit/New-HDTWorkspace.Tests.ps1","532","25946","76","7","0"
"tests/unit/OperatingSystemEdit.Tests.ps1","124","5645","17","0","0"
"tests/unit/PayloadUiPath.Tests.ps1","131","5796","29","0","0"
"tests/unit/PresentDevice.Tests.ps1","74","3589","20","0","0"
"tests/unit/PublishWorkflow.Tests.ps1","476","25122","207","9","0"
"tests/unit/RefreshTemplate.EndToEnd.Tests.ps1","585","29494","137","14","0"
"tests/unit/RegistryLogValue.Tests.ps1","236","9791","51","0","0"
"tests/unit/Remove-HDTApplication.Tests.ps1","237","10309","30","1","0"
"tests/unit/Remove-HDTLabScratchTree.Tests.ps1","202","9499","51","2","0"
"tests/unit/Remove-HDTMedia.Tests.ps1","248","11085","21","1","0"
"tests/unit/Remove-HDTOperatingSystem.Tests.ps1","168","6865","19","1","0"
"tests/unit/Remove-HDTResumeAgent.Tests.ps1","419","19814","93","0","0"
"tests/unit/Remove-HDTTaskSequence.Tests.ps1","109","4614","14","0","0"
"tests/unit/Remove-HDTWindowsUpdate.Tests.ps1","343","14427","61","0","0"
"tests/unit/RemoveHDTAgentTreePayload.Tests.ps1","378","19205","90","2","0"
"tests/unit/Resolve-HDTApplicationOrder.Tests.ps1","443","20506","48","6","0"
"tests/unit/Resolve-HDTBundleLine.Tests.ps1","209","9555","35","7","0"
"tests/unit/Resolve-HDTDeployRoot.Tests.ps1","318","13238","36","1","0"
"tests/unit/Resolve-HDTDiskLayoutName.Tests.ps1","210","7913","18","3","0"
"tests/unit/Resolve-HDTErrorMessage.Tests.ps1","112","4817","23","2","0"
"tests/unit/Resolve-HDTImageIndex.Tests.ps1","253","10559","31","13","0"
"tests/unit/Resolve-HDTVariable.Tests.ps1","916","37257","81","13","0"
"tests/unit/ResolveWizardSource.Tests.ps1","150","6870","27","0","0"
"tests/unit/Restore-HDTRuleVariable.Tests.ps1","345","13972","82","2","0"
"tests/unit/RuleEdit.Tests.ps1","739","32742","89","2","0"
"tests/unit/SampleApplication.Tests.ps1","83","4045","18","4","0"
"tests/unit/Save-HDTRunState.Tests.ps1","126","6225","8","0","0"
"tests/unit/SecretBag.Tests.ps1","434","20172","96","7","0"
"tests/unit/SecretVariable.Tests.ps1","139","6235","42","0","0"
"tests/unit/Select-HDTTargetDisk.Tests.ps1","719","27378","62","24","0"
"tests/unit/SelectionProfile.Tests.ps1","372","14395","43","2","0"
"tests/unit/SelectionProfileEdit.Tests.ps1","336","14701","37","8","0"
"tests/unit/SequenceDisabledStep.Tests.ps1","150","5060","22","0","0"
"tests/unit/SequenceFolder.Tests.ps1","145","5915","26","0","0"
"tests/unit/SequenceFullOsOnlyStep.Tests.ps1","273","9663","34","3","0"
"tests/unit/SequenceTemplate.Tests.ps1","809","36901","155","12","0"
"tests/unit/Set-HDTApplication.Tests.ps1","344","15863","22","8","0"
"tests/unit/Set-HDTAutoLogon.Tests.ps1","372","19303","31","1","0"
"tests/unit/Set-HDTDocumentHeaderKey.Tests.ps1","155","6960","25","2","0"
"tests/unit/Set-HDTLogPath.Tests.ps1","299","13143","38","2","0"
"tests/unit/Set-HDTMedia.Tests.ps1","281","12468","20","4","0"
"tests/unit/Set-HDTMediaWorkspaceLine.Tests.ps1","233","9165","32","2","0"
"tests/unit/Set-HDTSequenceVariable.Tests.ps1","169","7281","30","0","0"
"tests/unit/Set-HDTShareCredential.Tests.ps1","235","10078","30","5","0"
"tests/unit/Set-HDTStaticAddress.Tests.ps1","342","15651","45","4","0"
"tests/unit/Set-HDTTaskSequenceProperty.Tests.ps1","319","13269","58","0","0"
"tests/unit/Set-HDTWindowForeground.Tests.ps1","450","22543","165","2","0"
"tests/unit/Set-HDTWindowsUpdate.Tests.ps1","228","10079","22","6","0"
"tests/unit/Set-HDTWindowText.Tests.ps1","138","5163","21","2","0"
"tests/unit/Show-HDTDeploymentFailure.Tests.ps1","183","8140","30","0","0"
"tests/unit/Show-HDTWizard.Tests.ps1","478","23382","97","4","0"
"tests/unit/Show-HDTWizardShell.Tests.ps1","733","35697","105","14","0"
"tests/unit/ShowSequenceEditorInput.Tests.ps1","169","7402","44","0","0"
"tests/unit/Split-HDTAccountName.Tests.ps1","126","5317","27","0","0"
"tests/unit/Split-HDTTestBucket.Tests.ps1","183","8107","37","4","0"
"tests/unit/Start-HDTBootStatus.Tests.ps1","303","13910","72","3","0"
"tests/unit/Start-HDTCommandPrompt.Tests.ps1","136","6035","29","0","0"
"tests/unit/Start-HDTConsole.Tests.ps1","89","4209","24","2","0"
"tests/unit/Start-HDTProgressDisplay.Tests.ps1","293","14018","42","6","0"
"tests/unit/Start-HDTWizardDeployment.Tests.ps1","172","7322","25","2","0"
"tests/unit/StartHDTDeploymentPayload.Tests.ps1","1553","80652","531","45","0"
"tests/unit/StartHDTDeploymentResume.Tests.ps1","342","17086","154","2","0"
"tests/unit/StartHDTLabDeploymentPayload.Tests.ps1","285","12459","47","6","0"
"tests/unit/StartHDTResumePayload.Tests.ps1","1188","57160","356","38","0"
"tests/unit/Step-HDTWizardPage.Tests.ps1","276","11918","46","3","0"
"tests/unit/StepPartitionEdit.Tests.ps1","314","13294","40","1","0"
"tests/unit/StepPartitionExpand.Tests.ps1","182","7639","30","0","0"
"tests/unit/StepPropertyDefinition.Tests.ps1","418","16458","85","5","0"
"tests/unit/StepPropertyList.Tests.ps1","172","6899","27","0","0"
"tests/unit/TaskSequence.EndToEnd.Tests.ps1","992","51716","324","24","0"
"tests/unit/Test-HDTAdminPassword.Tests.ps1","177","7998","57","3","0"
"tests/unit/Test-HDTApplicationDetection.Tests.ps1","309","13799","27","0","0"
"tests/unit/Test-HDTComputerName.Tests.ps1","173","7801","47","0","0"
"tests/unit/Test-HDTConsoleImportApplication.Tests.ps1","132","6163","30","0","0"
"tests/unit/Test-HDTConsoleImportOperatingSystem.Tests.ps1","129","6490","31","0","0"
"tests/unit/Test-HDTConsoleNewWorkspace.Tests.ps1","167","7079","30","0","0"
"tests/unit/Test-HDTFileSystemFile.Tests.ps1","70","2787","15","0","0"
"tests/unit/Test-HDTFunctionName.Tests.ps1","89","3600","0","0","0"
"tests/unit/Test-HDTModuleAvailable.Tests.ps1","86","3756","10","1","0"
"tests/unit/Test-HDTRuleMatch.Tests.ps1","256","9328","26","0","0"
"tests/unit/Test-HDTRunStateAbandoned.Tests.ps1","109","5061","10","0","0"
"tests/unit/Test-HDTSchemaVersion.Tests.ps1","60","2215","0","0","0"
"tests/unit/Test-HDTSequenceNamesApplication.Tests.ps1","124","3790","15","0","0"
"tests/unit/Test-HDTShareAcl.Tests.ps1","405","18877","48","5","0"
"tests/unit/Test-HDTStepCondition.Tests.ps1","206","9237","37","1","0"
"tests/unit/Test-HDTStepRunInPhase.Tests.ps1","78","2534","8","0","0"
"tests/unit/Test-HDTTaskSequence.Tests.ps1","492","14960","38","1","0"
"tests/unit/Test-HDTWizardAnswerChanged.Tests.ps1","66","3180","24","0","0"
"tests/unit/UnattendedDeploymentE2E.Tests.ps1","436","22404","147","8","0"
"tests/unit/Update-HDTBootImage.Tests.ps1","2255","116459","485","45","0"
"tests/unit/Update-HDTMediaContent.Tests.ps1","896","42234","80","17","0"
"tests/unit/Update-HDTProgressDisplay.Tests.ps1","215","9926","35","2","0"
"tests/unit/Update-HDTRunStateStep.Tests.ps1","172","6959","10","3","0"
"tests/unit/UpdateFilter.Tests.ps1","354","14396","39","1","0"
"tests/unit/VariableLogVocabulary.Tests.ps1","454","23435","120","12","0"
"tests/unit/VariableRendering.Tests.ps1","412","19776","75","5","0"
"tests/unit/WelcomeRetryCredential.Tests.ps1","698","31393","142","11","0"
"tests/unit/WindowsUpdateStepSurface.Tests.ps1","600","30787","167","6","0"
"tests/unit/WizardHostReveal.Tests.ps1","201","8858","36","0","0"
"tests/unit/WizardInventedDefault.Tests.ps1","588","28860","117","12","0"
"tests/unit/WizardShellMessage.Tests.ps1","401","19285","108","7","0"
"tests/unit/WorkspaceEdit.Tests.ps1","1164","53423","122","2","0"
"tests/unit/WorkspaceFolder.Tests.ps1","172","7184","25","0","0"
"tests/unit/WorkspaceFolderMove.Tests.ps1","143","5836","20","0","0"
"tests/unit/WorkspaceLauncherTemplate.Tests.ps1","354","18987","125","2","0"
"tests/unit/WorkspaceShare.Tests.ps1","268","12336","56","2","0"
"tests/unit/WorkspaceWizardTemplate.Tests.ps1","116","5383","30","2","0"
"tests/unit/Write-HDTApplicationPlanLog.Tests.ps1","498","23585","39","5","0"
"tests/unit/Write-HDTLog.Tests.ps1","972","48716","184","13","0"
"tests/unit/Write-HDTStatus.Tests.ps1","186","8719","31","0","0"
"tests/unit/Write-HDTStepLiveness.Tests.ps1","201","8934","44","4","0"
"tests/unit/Write-HDTVariableLog.Tests.ps1","152","7097","16","0","0"
"tests/unit/WriteStatusFinalStep.Tests.ps1","143","6396","31","0","0"
"tools/New-HDTCommandReference.ps1","431","20619","126","51","0"
"tools/Show-HDTConsoleOnTestVm.ps1","86","3585","12","3","0"
"tools/Show-HDTProgressOnDesktop.ps1","228","9434","65","8","0"
"tools/Show-HDTWizardOnDesktop.ps1","183","8323","88","9","0"
